id,word,part_of_speech,meaning
16,abruptly,ad,突然地；唐突
1,abandon,v,拋棄；遺棄
17,absence,n,不在，缺席
2,abide,v,忍受；容忍
18,absent,a,缺席的，不在場
3,ability,n,能力；才能 的
4,able,a,能；可；會 19. absolute a 純粹的；完全
5,abnormal,a,不正常的；反 的
20,absolutely,ad,絕對地，完
6,abroad,ad,在國外；到國外 全地
7,aboard,ad,在（交通工具） 21. absorb v 吸收；理解
22,abstract,a,抽象的；深奧
8,abolish,v,廢除；廢止 品
9,aborigine,n,土著；原住民 23. absurd a 不合理的，荒謬
10,abort,v,流產；夭折；（計
24,abundance,n,豐富；充足
11,abound,v,富足；充滿 25. abundant n 大量的；充
12,about,ad,在四周；到處
26,abuse,n,濫用；虐待
27,abusive,n,辱罵的；濫用
13,above,ad,在上面；向上面 的
28,academic,a,學校的；學
14,above-average,a,在平均 29. academy n 學院；大學
30,accelerate,v,加快；增長
15,abrupt,a,突然的；唐突的
31,accent,n,口音，腔調 v 強
32,accept,v,接受；答應 47. accomplish v 完成，實
33,acceptable,a,可以接受
48,accomplishment,n,成就；
34,acceptance,n,接受；贊
49,accord,v,使一致，調解
35,access,n,進入；入口 v 50. according a 相符的；和
36,accessibility,n,易接近； 51. account n 帳目，帳單 v
37,accessible,a,可接近的； 52. accountable a 應負責任
38,accessory,n,附件；配件 53. accountant n 會計師；會
39,accident,n,事故；災禍 54. accounting n 會計學；結
40,accidental,a,偶然的；意
55,accrue,v,積累；獲得
41,accident-prone,a,容易受 56. accumulate v 累積；積
42,acclaim,v,歡呼；喝采 57. accumulation n 積累；積
43,acclimatize,v,使適應新環
58,accuracy,n,正確；準確
44,accommodate,v,使適應； 59. accurate a 準確的；精確
45,accommodation,n,適應； 60. accuse v 控告；譴責
61,accustom,v,習慣（於）
46,accompany,v,陪同，伴 62. ache n 疼痛 v 疼痛；感
63,achieve,v,完成，實現 81. acute a 嚴重的；敏銳的
64,achievement,n,達成；完 82. adapt v 使適應，使適合
83,adapter,n,改編者；轉接
65,acknowledge,v,承認 器
66,acknowledgement,n,承 84. add v 添加；增加
85,addict,v,使沉溺；使醉心
67,acquire,v,取得；獲得 86. addiction n 沉溺；成癮
68,acquisitive,a,想獲得的； 87. addictive a 成癮的；上癮
69,acquisition,n,獲得，取得 88. addition n 加；附加
70,acre,n,英畝；地產 89. additionally ad 附加地；
71,across,prep,橫越，穿過； 同時；此外
90,address,n,住址；地址 v
72,act,v,扮演；做事；見效 n 向……致詞；向……發表
73,action,n,行動；行為 91. adept n 能手；內行
74,activate,v,使活化；使活 92. adequate a 足夠的；適
75,active,a,活躍的；活潑的； 93. adhere v 黏附；遵守；堅
76,activity,n,活動；行動 94. adjust v 調整；校正
77,actor,n,演員；行動者 95. adjustment n 調整；校正
78,actress,n,女演員 96. administrate v 管理；支
79,actual,a,實際的；事實上
97,administration,v,管理；
80,actually,ad,實際上；真的
98,administrator,n,管理人； 114. adversary n 敵手；敵人
115,adverse,a,反面的；不利
99,admirable,a,值得讚揚的； 的
116,advertise,v,廣告；公布
100,admiration,n,欽佩；欣賞 117. advertisement n 廣告；
101,admire,v,欽佩；欣賞 宣傳
102,admit,v,承認；准許進入 118. advice n 勸告；忠告
103,admittance,n,進入；入 119. advisable a 可取的；適
104,adolescence,n,青春期； 120. advise v 勸告；忠告
121,adviser,n,顧問；勸告者
105,adolescent,a,青少年的； 122. advocate n 提倡者；辯
106,adopt,v,採取；採納 123. affair n 事件；事務
107,adoption,n,採納；採用 124. affect v 影響；對……發
108,adorn,v,裝飾；使生色 生作用
109,adult,n,成年人 a 成年的； 125. affection n 愛；情愛
126,affirm,v,申明；堅稱；證
110,advance,v,前進；進展 n 實
127,affirmative,a,肯定的；表
111,advanced,a,在前面的； 128. affix v 貼上；添上；附上
129,afraid,a,害怕的；恐怕；
112,advantage,n,優點；利益 遺憾
113,adventure,n,冒險;冒險
130,after,prep,在…之後 conj 148. aid v 幫助；救助 n 幫助；
149,aim,v,瞄準；目的
131,afternoon,n,下午；午後 150. air-conditioner n 冷氣機
132,after-tax,a,稅後；淨收的 151. aircraft n 飛機；飛艇
133,afterward,ad,之後；以後 152. airline n 航線；航空公司
134,again,ad,再；再一次 153. airport n 機場
135,against,prep,反對；違反 154. aisle n 通道；走道
136,age,n,年齡 v 變老；成熟 155. alarm n 警報；鬧鐘 v 使
137,agency,n,經銷處；代理 驚慌不安；使恐懼
156,alert,v,使警覺；使注意 n
138,agenda,n,待議諸事項； 警戒；警報 a 警覺的；警
139,agent,n,代理商；仲介人 157. align v 排成直線；使結
140,aggression,n,侵略
141,aggressive,a,侵略的； 158. alike a 相同的；相像的
142,agility,n,敏捷；靈活 159. allege v 斷言；宣稱
143,ago,ad,在……以前 160. allegedly ad 據傳說；據
144,agree,v,同意；贊同
161,allergy,n,過敏症
145,agreement,n,同意；協定
162,alley,n,小巷；小徑
146,agricultural,a,農業的；
163,alliance,n,結盟；聯盟
147,ahead,ad,在前；向前； 164. allocate v 分派；分配
165,allow,v,允許；准許
166,allowance,n,津貼；補貼
167,allure,v,引誘；誘惑 n 誘 184. amplify v 增強；擴大
185,amuse,v,使歡樂；使發笑
168,almost,ad,幾乎；差不多 186. analyze v 分析
169,along,prep,沿著；順著 ad 187. angle n 角；角度
188,animate,v,賦予生命；使
170,already,ad,已經；先前 有生命
171,alter,v,改變；修改 189. anniversary n 週年紀念
172,alternate,a,交替的；輪流 a 週年的
190,announce,v,宣布；發布
173,alternative,a,替代的；供 191. announcement n 通告；
174,altogether,ad,完全；全然 192. annual a 一年一次的；每
175,amateur,a,業餘的；外行 年的
193,annually,ad,每年；每年
176,amaze,v,使驚奇；使驚愕 一次
177,ambiguous,a,含糊不清 194. anonymous a 匿名的；
178,ambition,n,雄心；抱負 195. another a 又一；再一
179,amend,v,修訂；修改 196. answer v 回答；答覆 n
180,amendment,n,改正；修
197,antibiotic,a,抗生的；抗
181,amid,prep,在…之間；被… 菌的 n 抗生素；抗菌素
198,anxiety,n,焦慮；掛念
182,among,prep,在…之中； 199. anxious a 焦慮的；掛念
183,amount,n,總數；總額 v 200. any a 任一；每一 prep 任
201,apart,ad,分開地；有距離 219. appropriate a 適當的；
202,apologetic,a,道歉的；認 220. approval n 批准；認可
221,approve,v,同意；贊許
203,apology,n,道歉；陪罪 222. approximate a 接近的；
204,apparent,a,表面的；外 大約的 v 接近；近似
223,apt,a,易於…的；有…傾
205,apparently,ad,顯然地； 向的
224,architect,n,建築師；設計
206,appeal,v,呼籲；懇求 師
207,appear,v,出現；顯露 225. architecture n 建築物；
208,appearance,n,出現；顯
226,archive,v,把…存檔；把…
209,appetite,n,食慾；胃口 收集歸檔 n 檔案保管處；
210,applaud,v,鼓掌歡迎；喝
227,area,n,地區；區域
211,appliance,n,用具；裝置 228. arena n 圓形運動場；比
212,applicant,n,申請人
229,argue,v,爭論；辯論；主
213,apply,v,申請；請求 張
214,appoint,v,任命；指派 230. argument n 爭執；爭吵
215,appraise,v,估計；估量 231. arise v 升起；上升；產
216,apprehend,v,逮捕； 生
232,around,ad,到處；周圍
217,apprentice,n,徒弟；見習 prep 圍繞；在……附近
233,arouse,v,喚起；激動；
218,approach,v,接近；靠近 使奮發
234,arrange,v,整理；安排； 251. assume v 以為；假定為
252,assurance,n,保證
235,arrest,v,逮捕；拘留 253. assure v 向……保證；擔
236,arrival,v,到達；到來 保
237,arrive,v,到達；到來 254. astonish v 使吃驚；使驚
238,articulate,v,清楚地講話；
255,at,prep,在…地點；在…時
239,artificial,a,人工的；人造 256. ATM n 自動存提款機
240,ascend,v,登高；上升
241,assemble,v,集合；召集 257. attach v 附屬；附加
242,assert,v,斷言；聲稱 258. attachment n 附屬物；
243,assess,v,對……進行估
259,attain,v,達到；獲得 n 成
244,assign,v,分配；分派
260,attempt,n,企圖；嘗試 v
245,assignment,n,任務；工 試圖；企圖
261,attend,v,出席；參加
246,assimilate,v,被吸收；被
262,attendance,n,到場；出
247,assist,v,幫助；協助
263,attention,n,注意力；專心
248,assistance,n,援助；幫助
264,attest,v,證實；證明
249,associate,n,夥伴；同事
265,attorney,n,律師
250,association,n,協會；公 266. attract v 吸引；引起
267,attribute,v,把…歸因於； 283. back n 背部；後部 v 倒
268,auction,n,拍賣 v 拍賣 地 a 後面的；後部的
269,audience,n,聽眾；觀眾 284. backache n 背痛；腰痛
270,audit,v,審計；查帳 n 審 285. backbone n 脊骨；脊柱
286,backbreaking,a,非常辛
271,auditory,a,耳朵的；聽覺
287,backfire,n,引擎的逆火 v
272,author,n,作者；作家
273,automatic,a,自動的；習 288. background n 背景；遠
274,available,a,可用的；可 289. backlash n 反衝；強烈
275,avenue,n,大街；大道 290. backlog n 存貨；儲備金
276,average,n,平均；中等 a 291. backpack n 登山、遠足
277,avert,v,避開；移開 293. backup n 備用；備用物
278,avoid,v,避開；躲開 a 備用的 v 備份
279,avoidance,n,逃避；迴避 294. backward a 向後的；反
280,await,v,等候；期待
295,backyard,n,後院
281,awareness,n,察覺；覺
296,bacteria,n,細菌
297,bad,a,壞的；不好的 ad
298,badge,n,徽章；紀念章
282,bachelor,n,單身漢；學士
299,badly,ad,壞地；拙劣地 317. band n 帶；細繩；樂團
300,bad-tempered,a,情緒惡 318. banish v 流放；放逐
319,bank,n,銀行；堤；岸
301,baffle,v,使受挫折；阻撓 320. bankbook n 銀行存摺
321,bankcard,n,銀行信用卡
302,baffling,a,令人困惑的；
322,banker,n,銀行家
303,bag,n,袋；提袋 323. banking n 銀行業務；銀
304,baggage,n,行李
324,bankrupt,a,破產的 v 使
305,bail,v,保釋 n 保釋；保釋 破產 n 破產者
325,bankruptcy,n,破產；倒
306,bailout,n,跳傘；緊急（財 閉
326,banner,n,旗幟；橫幅
307,bait,n,餌；引誘物 v 引誘；
327,banquet,n,宴會；盛宴 v
308,bake,v,烘；烤；烘培
328,bar,n,棒；條；酒吧
309,baker,n,麵包師：糕點師
329,bar,code,n 條碼
310,bakery,n,麵包店；糕點店
330,barbecue,n,烤肉；燒烤
311,balance,n,平衡；均衡 v v 烤肉；燒烤
331,bare,a,裸的；光禿禿的 v
312,balcony,n,陽臺；露臺 使赤裸；露出
313,bald,a,禿頭的；赤裸裸的 332. barely ad 僅僅；勉強
333,bareness,n,赤裸；無遮
315,ballroom,n,跳舞的大廳 蓋
316,ban,n,禁止；禁令 v 禁止； 334. bargain n 協議；買賣 v
335,barren,a,不生育的；貧脊 352. be v 是；等於 aux 正
336,barrier,n,障礙物；路障 353. beach n 海灘；海濱度假
337,bas,n,基；底；基部 n 基
354,bearable,a,能耐的；忍得
338,baseline,n,基線；底線
339,basement,n,地下室；地 355. bearer n 持有人；挑夫；
340,basic,n,基礎的；基本的 356. bearing n 舉止；體態；
341,basically,ad,在根本上 357. b 敲 e 擊 at 聲 v 打 a ； 筋 擊 疲 ； 力 敲 盡 n 的 敲 ； 打 垂 ；
342,basis,n,基礎；根據 頭喪氣的
343,basket,n,籃；簍；筐 358. beaten a 挨打的；被打
344,bat,n,球棒；球拍 v 打； 敗的；筋疲力盡的
359,beautiful,a,漂亮的；出色
345,batch,n,一批生產量；一 的
360,beautify,v,使更加美麗；
346,bath,n,浴缸；洗澡 美化
347,bathe,v,浸入；浸洗 361. beauty n 美麗；美的事物
348,bathroom,n,浴室；化妝 362. because conj 因為
363,become,v,變成；成為
349,battery,n,電池；蓄電池 364. becoming a 合適的；適
350,battle,v,搏鬥；奮爭 n 戰 宜的 n 形成；發生
365,bed,n,床；睡眠處 v 睡；
351,bay,n,灣 臥
366,bed,and,breakfast ph 384. bell n 鐘；鈴 v 鳴鐘
385,belly,n,腹；腹部 v 鼓起；
367,bedside,n,床邊；床側 a 386. belong v 屬於；合適
387,belongings,n,財產；攜
368,bedtime,n,就寢時間 a 適 帶物品
388,beloved,a,心愛的；親愛
369,begin,v,開始；著手 的
370,beginner,n,初學者；新手 389. below ad 在下面；到下面
371,beginning,n,開始；起始 prep 在…下面
372,behalf,n,代表；利益 390. belt n 腰帶；皮帶 v 用皮
373,behave,v,表現；行為舉
391,bench,n,長凳；長椅
374,behavior,n,行為；舉止 392. benchmark n 水準點；
375,behavioral,a,行為的
376,behind,ad,在背後 prep 393. b 曲 e ； nd 轉 v 彎 彎 處 曲；轉彎 n 彎
377,beholder,n,觀看者；旁觀 394. beneath ad 在下；向下
378,beige,a,米色的 n 米黃色 395. benefactor n 捐助人；施
379,being,n,存在；生存
396,beneficial,a,有益的；有
380,belated,a,誤期的；過時 利的
397,benefit,v,得益；受惠 n
381,belief,n,相信；信任 利益；好處
382,believe,v,相信；信任 398. benignl a 仁慈的；親切
383,believer,n,信徒；信教者 的
399,bent,a,彎曲的；決心的 417. billion n 十億
418,bin,n,箱子；容器
400,beside,prep,在…旁；在 419. bind v 捆；綁
420,binding,n,裝訂；封皮 a
401,besides,ad,此外；而且 黏合的；有約束力的
421,biological,a,生物的；生
402,bet,n,打賭 v 打賭 物學的
403,betray,v,背叛；出賣 422. biology n 生物學
404,betrayal,n,背叛；密告 423. birth n 出生；誕生
405,better,a,較佳的；更好的 424. birthday n 生日
425,bit,n,小片；小塊；位元
406,between,ad,在中間；兩
426,bite,v,咬；啃
407,beverage,n,飲料 427. bitter a 苦的；痛苦的
408,beware,v,注意；提防 428. bizarre a 奇異的；不尋
409,beyond,adv,在更遠處；
429,blame,v,責備；指責
430,bland,a,溫和的；淡而無
410,bias,n,成見；偏心 味的
411,bicycle,n,腳踏車；自行 431. blank a 空的；無內容的
412,bid,v,命令；吩咐；出價
432,blanket,n,毛毯；毯子
413,bidder,n,出價人；投標人
433,bleak,a,荒涼的；無遮蔽
414,bilingual,a,雙語的 的
415,bill,n,帳單；票據；議案 434. bleed v 出血；流血
416,billboard,n,廣告牌
435,blend,v,使混雜；使交融 452. bold a 無畏的；大膽的
453,bomb,n,炸彈；失敗 v 轟
436,blender,n,攪拌機；混合 炸；轟擊
454,bombard,v,砲擊；轟炸
437,blind,a,盲的；視而不見 455. bond n 聯結；聯繫
456,bone,n,骨；骨頭
438,block,n,街區；障礙 v 阻
457,bonus,n,紅利；獎金
439,blockage,n,封鎖；妨礙 458. book n 書；書籍
440,blood,n,血；血液 459. booklet n 小冊子
441,bloom,n,開花；開花期 v 460. bookshelf n 書架；書櫃
461,bookstore,n,書店
442,blossom,n,開花；開花期 462. boom n 激增；繁榮 v 迅
443,blow,v,吹；吹奏 463. boost v 推動；幫助 n 推
444,blunder,v,犯大錯；出漏 動；促進
464,boot,n,靴子
445,blur,v,使模糊不清；使朦 465. booth n 攤販；小隔間
466,border,n,邊緣；邊境 v
446,board,n,木板；委員會； 毗鄰，接界
467,borderline,n,邊界；界線
447,boardroom,n,會議室 468. boring a 令人生厭的；乏
448,boast,v,自吹自擂；誇耀 味的
449,boat,n,小船 469. borrow v 借用；借
450,body,n,身體；肉體 470. boss n 老闆；上司
451,boil,v,沸騰；烹煮 471. bother v 煩擾；打攪
472,bothersome,a,令人討厭 491. brand-new a 全新的；嶄
473,bottle,n,瓶子 492. brave a 勇敢的：英勇的
474,bottom,n,底部；下端 493. bravely ad 勇敢地：英勇
475,boulevard,n,大道
476,bounce,v,彈起；彈回 494. bravo n 喝采聲
477,bound,v,跳躍；跳起 495. breach n 破壞，違反 v
478,boundary,n,邊界；分界
496,bread,n,麵包
479,bow,n,弓 497. breadth n 寬度；幅度
480,bowl,n,保齡球 v 投：滾 498. break v 打破；折斷 n 破
481,box,n,箱；盒；匣
499,breakable,a,會破的；脆
482,box,office,n 售票處；票 的
500,breakdown,n,故障；損
483,boycott,v,杯葛；聯合抵 壞
501,breakfast,n,早餐
484,brace,n,支柱；支撐物 v
502,breakout,n,包圍突破
485,bracket,n,托架；撐架 503. breakthrough n 突破性
486,brain,n,智力，頭腦
504,breakup,n,中斷；中止
487,brainstorm,v,集體研討；
505,breathe,v,呼吸；呼氣
488,brake,v,煞車 n 煞車 506. breathless a 呼吸困難
489,branch,n,樹枝；支流；
507,breathtaking,a,驚人的；
490,brand,n,品牌；商標
508,breeze,n,微風；和風 527. brush v 刷；刷洗 n 刷子
509,brick,n,磚；磚塊 528. brush-off n 拒絕；不理
510,bride,n,新娘
511,bridge,n,橋：橋墩 529. bruta a 冷酷的；野蠻的
512,brief,a,簡短的；短暫的 530. brutally ad 冷酷地；野蠻
513,briefcase,n,公事包
531,bubble,n,泡泡 v 沸騰；
514,briefly,a,簡短地；短暫地 冒泡
515,bright,a,發亮的；晴朗的 532. bucket n 水桶；提桶
516,brighten,v,使明亮；使閃 533. buckle n 釦子；搭鉤 v
517,brilliant,a,光輝的；明亮 534. budge v 微微移動；讓步
535,budget,n,預算；經費
518,brisk,a,活潑的；生氣勃
536,build,v,建造；建立 n 體
519,brittle,a,易碎的；敏感的；
537,building,n,建築物；大樓
520,broadcast,v,廣播；播送 538. bulk n 體積；容積 a 大量
521,brochure,n,小冊子
539,business,n,商業；職業
522,broker,n,代理人，中間人
540,businessman,n,商人
523,brokered,v,以中間人等
541,busy,a,忙碌的
524,browse,v,瀏覽；觀看 542. button n 鈕扣；按鈕
525,browser,n,瀏覽器 543. buy v 買；購買
526,bruise,n,傷痕；青腫 v 使 544. buyer n 買主；買家
565,campus,n,校園；校區
545,cab,n,計程車 566. cancel v 取消；廢除；中
546,cabin,n,客艙；駕駛艙
567,cancellation,n,取消
547,cabine,n,櫥；櫃
568,candid,a,公正的，公平的
548,cable,n,纜；索
569,candidate,n,候選人；候
550,cafeteria,n,自助餐廳 570. capability n 能力；才能
551,caffeine,n,咖啡因 571. capable a 有能力的；能
552,calcium,n,鈣 幹的
553,calculate,v,計算；算 572. capacity n 容量；容積
554,calculation,n,計算；估計 573. capital n 首都；資本
555,calculator,n,計算機 574. capitalization n 資本化；
556,calendar,n,日曆
557,caliber,n,口徑；水準，程 575. c （ a 資 pi 本 tal ） ize v 利用；供給
558,call,v,叫喊；呼叫 n 呼叫； 576. c 捕 a 獲 pt ； ur 俘 e 虜 v 捕獲；俘虜 n
559,caller,n,訪問者；探望者 577. care v 在乎：關心
560,calling,n,呼喊；召喚 578. career n 職業；工作
561,calm,a,鎮靜的；沉著的 v 579. c 細 a 的 reful a 小心翼翼的；仔
562,camera,n,照相機 580. c 仔 a 細 re 地 fully ad 小心翼翼地；
581,cargo,n,貨物
564,campaign,n,競選；活動 582. carpet n 地毯
583,carrier,n,運送人；搬運人 601. ceremony n 儀式；典禮
584,carry,v,運載；搬運；支 602. certain a 確鑿的；無疑的
603,certainly,ad,無疑地；必
585,carry,out,Ph 實行；執行 定
586,cart,n,小車，手推車 604. certificate n 證明書；執
587,carton,n,紙盒；紙板箱
588,case,n,盒；套 605. certify v 證明，證實
589,cash,n,現金；現款 v 606. chain n 鏈條；連鎖；連
590,cast,v,投；擲；拋 n 投； 607. challenge v 挑戰；提出
591,catalog,n,目錄；目錄冊 608. change v 改變；更改 n
592,categorize,v,將…分類
609,changeable,a,易變的；
593,category,n,種類；部屬； 不定的
610,chapter,n,篇章；篇
594,cater,v,提供飲食；承辦
611,character,n,角色；性格；
595,catering,n,承辦酒席；提
612,characteristic,a,特有的；
596,cause,n,原因；起因 v 導
613,characterize,v,具有……
597,caution,n,小心；謹慎
614,charge,v,控告；索價
598,cautious,a,十分小心的；
615,chart,n,圖表；曲線圖
599,central,a,中心的；中央的 616. check n （美）檢查；支
600,century,n,世紀；一百年
617,chef,n,廚師 635. clearance n 清除；清掃
618,cheque,n,（英）支票 636. clearly ad 顯然地；無疑
619,choice,n,選擇；挑選
620,choose,v,選擇；挑選 637. clerk n 辦事員；職員
621,chore,n,例行工作；家務 638. client n 委託人；客戶
639,climate,n,氣候
622,circle,n,圓形的東西；圈 640. climb v 爬；攀爬
641,clip,v,剪；修剪 n 剪；修
623,circumspect,a,慎重的； 剪
642,clock,n,時鐘
624,circumstance,n,情況； 643. coach n 教練 v 訓練；指
625,circumvent,v,規避；防 644. cognition n 認知；知識
645,coherent,a,一致的；協調
626,citation,n,引用；引證 的
627,citizen,n,市民；居民 646. cohesive a 凝聚性的；
628,citizenship,n,公民權；公 有結合力的
647,coin,n,硬幣
629,city,n,城市；都市 648. coincidence n 巧合；符
630,civic,a,城市的；市民的 合
631,claim,v,主張；斷言；聲 649. collaborate v 合作；勾
632,clarify,v,澄清；闡明 650. collaboration v 合作；勾
633,clause,n,條款；款
634,clear,a,明亮的；顯然的 651. collateral a 並行的；附
652,colleague,n,同事；同僚 671. commit v 犯（罪）；做
653,collect,v,收集；採集
654,collectible,a,可收集的 672. commitment n 託付；交
655,collection,n,採集；收取
673,committed,a,忠誠的，堅
656,college,n,大學；學院 定的
657,collide,v,碰撞；相撞 674. commodity n 商品；日
658,combination,n,結合；聯 用品
675,common,a,普通的；常見
659,combine,v,結合；聯合 的
660,come,v,來；來到 676. communication n 溝通；
661,come,across,Ph 碰見；
677,commute,v,通勤；替代；
662,comfort,v,安慰；慰問 n
678,commuter,n,通勤者
663,comfortable,a,舒適的； 679. company n 陪伴；公司
680,comparatively,ad,對比
664,comforting,a,令人欣慰的 地；比較地
665,command,v,指揮；控制 681. compare v 比較；對照
666,comment,n,註釋；評論 682. comparison n 比較；對
667,commentary,n,評論 683. compatible a 能共處的；
668,commerce,n,商業；貿易
669,commercial,a,商業的； 684. compel v 強迫；強求
685,compensate,v,補償；賠
670,commission,n,佣金；委
686,compensation,n,補償； 702. component n 構成要素；
687,compete,v,對抗；競爭 703. compose v 作（詩，曲
688,competent,a,有能力的；
704,composition,n,寫作；作
689,competition,n,比賽；競
705,composure,n,平靜；鎮
690,competitive,a,競爭性的；
706,comprehend,v,理解；了
691,competitor,n,競爭者；對
707,comprehensive,a,廣泛
692,complain,v,抱怨
693,complaint,n,抱怨 708. comprise v 包含；包括
694,complete,v,競爭；比賽 709. compromise v 妥協；和
695,completion,n,完成；結
710,compute,v,計算；估算
696,complex,a,複雜的；錯綜 711. conceal v 隱藏；隱瞞
712,conceive,v,想像；設想
697,compliant,a,順從的；應 713. concentrate v 集中；聚
698,complicate,v,使複雜化； 714. concept n 概念；觀念
715,concern,v,關於；涉及 n
699,complicated,a,複雜的； 關心的事；關係
716,concerning,prep,關於
700,compliment,n,稱讚：讚 717. conclude v 結束；推斷
701,comply,v,依從；順從
718,conclusion,n,結論 735. conservative a 保守的；
719,concrete,a,有形的；實在 守舊的 n 保守者；守舊者
736,conserve,v,保存；保護
720,concur,v,同意；一致 737. consider v 考慮；細想
721,condition,n,情況；狀況 738. consideration n 體貼；
722,conduct,v,帶領；實施
723,conference,n,會議 739. considering prep 就……
724,confident,a,有自信的； 考慮起來
740,consist,v,組成；構成
725,confidential,a,祕密的；
741,consistency,n,一致；一
726,confirm,v,證實；確定
742,consistent,a,始終如一
727,confirmation,n,確定；確 的；前後一致的
743,consistently,ad,一貫地；
728,confuse,v,使困惑；混淆 固守地
729,confusion,n,混亂；騷動 744. constant a 固定的；不變
730,conscious,a,神志清醒 的
745,constrain,v,強迫；迫使
731,consciously,ad,有意識 746. constraint n 約束；限制
747,construction,n,建造；建
732,consciousness,n,意念； 設
748,consultancy,n,諮詢公
733,consecutive,a,連續不斷 司；顧問公司
749,consultant,n,顧問；諮詢
734,consequently,ad,結果； 者
750,consume,v,消耗；花費 765. control v 控制；支配 n
751,consumer,n,消費者
752,consumption,n,消費 766. controlling a 管理的；控
753,contact,n,接觸；交往；
767,convenience,n,便利；方
754,contain,v,包含；容納 768. convenient a 便利的：
755,contemporary,a,當代的；
769,convention,n,會議；大
756,content,n,滿足 a 滿足
770,conventional,a,習慣的；
757,contest,v,競爭；角逐 n
771,conversation,n,會話；對
758,context,n,來龍去脈；背
772,convey,v,告知；傳達
759,continue,v,繼續；持續 773. conviction n 定罪；確信
760,continuity,n,連續性；持 774. convince v 說服
775,cooperation,n,合作；協
761,continuous,a,連續的；
776,coordinate,v,協調；調節
762,contract,n,合約 v 締結； 777. cope v 應付；處理
778,copy,v,抄寫；複製 n 抄
763,contractor,n,立契約者； 寫；副本
779,cordially,ad,熱誠地；誠
764,contrary,a,相反的；對立 摯地
780,corner,n,角落
781,corporate,a,全體的；共 796. cover v 遮蓋；覆蓋 n 遮
782,correct,a,正確的；對的 797. coverage n 覆蓋；覆蓋
783,corrupt,a,腐敗的，貪汙 798. crack n 裂縫；裂痕 v 裂
784,corruption,n,墮落；腐化 799. craft n 工藝，手藝 v 精
785,cost,v,花費；付出 n 費
800,crafted,a,製作的；工藝
786,council,n,會議；議事
787,counsel,n,商議；審議 v 801. crane n 鶴 v 伸著脖子看
802,crash,v,碰撞；倒下 n 墜
788,counter,ad,反方向地，相
803,create,v,創造；製作
804,creation,n,作品；製作物
789,couple,n,情侶；夫妻 805. creative a 有創意的：創
790,coupon,n,贈券；減價優 新的
806,creativity,n,創意；創造
791,courier,n,信差；導遊； 力
807,creature,n,生物；動物
792,course,n,路線；方向；課 808. credential n 憑據；證書
809,credible,a,可信的；可靠
793,court,n,法庭；法院 的
794,courteously,ad,有禮貌 810. credit n 賒帳；信譽；功
795,courtesy,n,禮貌；殷勤 811. creditor n 債權人；貸方
812,crew,n,工作人員；船員 831. current a 現時的；當前
813,crime,n,犯罪；罪刑 的 n 流動；水流
814,criminal,n,罪犯 a 犯罪 832. cushion n 墊子；坐墊
833,custom,n,習俗；慣例 a
815,crisis,n,困難；危及
816,criterion,n,標準；準則 834. customer n 顧客；買主
817,critic,n,評論家 835. customize v 訂做；客製
818,critical,a,批判的；評論的
836,customs,n,關稅；海關
819,criticize,v,批判；評論
837,cutback,n,減少；剪修新
820,crop,n,作物：莊稼 v 播 芽
838,cycle,n,週期；循環 v 循
821,cross,v,橫穿；渡過 n 十 環；輪轉
822,crowd,n,群眾；觀眾
823,crowded,a,擁擠的；滿的
824,crucial,a,重要的；嚴酷的 839. daily a 每日的；日常的
825,cruise,v,巡航；航遊 n 巡 840. d 損 a 害 m ； ag 毀 e 壞 n 損害；損失 v
826,cuisine,n,烹飪；烹調法； 841. danger n 危急；危險
842,dangerous,a,危險的
827,cupboard,n,食櫥；碗櫃 843. dare aux 敢；竟敢 v 敢；
828,cure,n,治療；痊癒 v 治
844,daring,a,大膽的；勇敢的
829,curious,a,好奇的 845. data n 資料；數據
830,currency,n,通貨；貨幣 846. database n 資料庫
847,dawn,n,黎明，拂曉 v 破 863. debut n 首次露面；初次
848,day,n,一天；日；白天 864. decade n 十；十年
849,daylight,n,日光；白晝 865. decease v 亡故 n 死亡
850,date,n,日期；日子 v 註 866. deceit n 欺騙；欺詐
867,deceitful,a,騙人的；欺詐
851,daytime,n,白天；白晝 的
852,dazzle,v,使目眩；使眼花 868. deceive v 欺騙；蒙蔽
869,decelerate,v,減緩；降低
853,deadline,n,截止期限；最 速度
870,deceleration,n,減速
854,deal,v,經營；交易 n 交 871. decent a 正派的；合乎禮
855,dealer,n,業者；商人 872. decide v 決定；決意
856,dealing,n,行為；商業往 873. decipher v 破解（密碼
857,dean,n,教務長；學院院 874. decision n 決心；判斷
875,decisive,a,決定性的；決
858,dear,a,親愛的；摯愛的 定的
859,debatable,a,可爭辯的； 876. deck n 艙面；甲板
877,declaration,n,宣告；宣
860,debate,v,辯論；爭論 n 言
878,declare,v,宣告；聲明
861,debit,v,借方 n 把……記
879,decline,v,下降；下跌 n
862,debt,n,債務；借款
880,decode,v,譯解（密碼）
881,decrease,v,減；減少 899. deflect v 使偏斜；使轉向
882,dedicate,v,奉獻；獻身 900. defy v 公然反抗；蔑視
883,dedication,n,奉獻；供奉 901. degree n 度，度數；程
884,deduce,v,演繹；推論
885,deduct,v,扣除；減除 902. delay v 拖延；耽擱 n 延
886,deduction,n,扣除；減除
903,delegate,v,委派……為代
887,deem,v,認為；以為 表；委派（某人）做
888,deep,a,深的 ad 深深地 904. deliberate a 深思熟慮
889,deepen,v,使變深；使加 思考
905,deliberately,ad,慎重地；
890,default,n,違約；拖欠；預 謹慎地
906,delicacy,n,精美；佳餚
891,defeat,v,戰勝；擊敗 n 907. delicate a 易碎的；嬌貴
892,defect,n,缺點；缺陷 v 逃 908. delicious a 美味的；香噴
893,defend,v,防衛；保護 909. delight n 欣喜；愉快 v
894,defense,n,防衛；保護 高興；喜愛
895,defensive,a,防衛的；保 910. deliver v 投遞；傳送
911,delivery,n,投遞；傳送
896,deficiency,n,不足；缺乏 912. delusion n 迷惑；欺騙
897,definite,a,明確的；確切 913. demand v 要求，請求 n
898,deflate,v,抽出……中的 914. demise n 死亡；終止 v
915,demographics,n,人口統 932. depression n 沮喪；意
916,demolish,v,毀壞；破壞 933. describe v 描繪；敘述
917,demonstrate,v,論證；證 934. description n 敘述；形
918,demonstration,n,論證； 935. deserve v 應受；該得
936,design,v,設計構思；繪製
919,denial,n,否認；否定 n 圖樣；圖紙
920,dense,a,密集的，稠密的 937. despite prep 不管；儘管
921,density,n,密集度；稠密 n 惡意；怨恨
938,destination,n,目的地；
922,deny,v,否定，否認
923,depart,v,起程，出發 939. destroy v 毀壞；破壞
924,department,n,部；司；局； 940. destruction v 毀壞；破
925,departmental,a,部門的； 941. detail n 細節；詳情 v 詳
926,departure,n,離開；出發 942. detailed a 詳細的；精細
927,depend,v,相信；信賴
943,detect,v,探測；察覺
928,dependency,n,依靠；信
944,determine,v,決定；下決
929,dependent,a,依靠的；依
945,develop,v,開發：發展
930,depict,v,描述；描寫 946. developer n 開發者
931,deposit,v,放置；寄存 n 947. development n 進化；發
948,device,n,設備；機器 967. disappear v 消失；離開
949,devise,n,v 設計；發明 968. discard v 拋棄；摒棄
950,dial,v,撥打；撥 969. discern v 分辨；識別
951,diary,n,日記；日誌 970. discipline n 紀律；風紀
952,dictate,v,口授；口述 971. disclaimer v 放棄；拒絕
953,diet,n,飲食；食物 v 節食 972. discount n 折扣 v 打折
954,dietician,n,營養學家
955,difference,n,差別；差異 973. discourage v 使洩氣；
956,different,a,不同的；有差
974,discouraged,a,灰心的；
957,difficult,a,困難的；艱難
975,discouragement,n,沮
958,difficulty,n,困難；困境
976,discover,v,發現；探索
959,digital,a,數位的
977,discuss,v,討論；交流
960,dignity,n,尊嚴；自尊
978,discussion,n,討論；交流
961,diligent,a,勤勉的，勤奮
979,disease,n,病，疾病 v 使
962,direct,v,指向；針對 a 徑
980,disembark,v,登陸；上岸
981,d,n,i s 沮 m 喪 al ； a 抑 憂 鬱 鬱的；沉悶的
964,director,n,導演；主管； 982. dismiss v 讓…離開；把…
965,directory,n,工商名錄；號 983. dispense v 分配，分發
966,disagree,v,不一致；不符
984,display,v,陳列；展出 n 1002. document n 公文；文件
1003,documentation,n,文件；
985,disposal,n,處理；處置 憑證
986,dispose,n,配置，布置 1004. domestic a 家庭的；國
987,dispute,v,爭論；爭執 n
1005,dominate,v,支配；統治
988,disrupt,v,使分裂；使瓦解 1006. donate v 捐獻；捐款
1007,donation,n,捐獻；捐款
989,dissipate,v,使消散；消 1008. dot n 點，小圓點 v 打
990,distinctive,a,有特色的； 1009. dotted a 有點子的；星
991,distinguish,v,區別；識別 1010. doubt v 懷疑；揣測
992,distract,v,轉移；分散 1011. download v 下載
993,distributor,n,分配者；批 1012. downsize v 裁減
1013,downsizing,n,縮減開支
994,disturb,v,打擾
1014,downtown,n,商業區，
995,diverse,a,不同的；多元 鬧區
1015,downward,a,向下的；
996,diversification,n,多樣化 下降的
997,diversity,n,差異；不同點 落地
998,divert,v,轉向；轉移 1016. draft n 草稿；手稿
999,divide,v,分；劃分 n 分歧； 1017. drama n 戲劇；劇本
1018,drastic,a,激烈的；猛烈
1000,division,n,分開；分割 的
1001,doctor,n,醫生
1019,drastically,ad,大大地； E
1033,each,pron,各個；每個 a
1020,draw,v,繪製；描寫；拉 各；每
1034,eager,a,熱心的；熱切的
1021,drawer,n,抽屜
1035,earn,v,掙得；博得
1022,dress,code,n 穿衣法則；
1036,earnings,n,收入；薪資
1023,drift,v,漂流；漂 1037. ease v 減輕，緩和 n 舒
1024,drive,v,駕駛；開車
1038,east,n,東方；東
1025,drug,n,藥物；藥
1039,easy,a,簡單的；輕易的
1026,due,a,應支付的；到期的
1040,eco-friendly,a,對環境友
1027,duplicate,n,複製品；副
1041,economical,a,經濟的；
1028,durable,a,經久的，耐用 1042. economize v 節約；節
1029,duration,n,持久；持續 1043. economy n 節約；經濟
1030,during,prep,在…的整個 1044. edge n 稜；邊緣 v 使漸
1031,duty,n,職務；勤務 1045. edit v 編輯；校訂
1032,dynamic,a,動力的；充 1046. editor n 編輯
1047,editorial,n,社論 a 編輯
1048,education,n,教育
1049,effect,v,造成；產生 n 效 1067. elemental a 基本的；原
1050,effective,a,有效的；生 1068. elementary a 基本的；
1051,efficiencyn,n,效率；效 1069. elevate v 舉起；抬起
1070,elevation,n,提高；提升
1052,efficient,a,效率高的；有 1071. elevator n 電梯
1072,eligible,a,有資格當選
1053,effort,n,努力；盡力 的；法律上合格的
1054,either,a,任一的 pron 1073. eliminate v 排除；消滅
1074,elimination,n,排除；消
1055,eject,v,逐出；轟出 滅
1056,elaborate,v,精心製作； 1075. elite n 精華；菁英
1076,else,ad,其他；另外
1057,elder,a,年長的
1077,elsewhere,ad,在別處；
1058,elect,v,選舉；推選 往別處
1059,election,n,選舉；推選 1078. embark v 從事；著手
1060,electric,a,電的；導電的 1079. embrace v 擁抱；包括
1061,electrician,n,電工；電氣 1080. emerge v 浮現；出現
1081,emergency,n,緊急情
1062,electricity,n,電力 況；突然事件
1063,electronic,a,電子的；電 1082. emit v 散發；放射
1083,emotion,n,情感；情緒
1064,elegance,n,優雅
1084,empathy,n,同感
1065,elegant,a,優雅的
1085,emphasis,v,強調；重視
1066,element,n,元素；構成
1086,emphasize,v,強調；重 1102. energetic a 精力旺盛
1087,employ,v,僱用；使用 1103. energy n 活力；幹勁
1088,employee,n,員工 1104. enforce v 實施；執行
1089,employer,n,雇主 1105. engage v 吸引；佔用
1090,employment,n,僱用； 1106. engagement n 訂婚；
1091,emulate,v,同…競爭；盡 1107. engine n 引擎
1108,engineer,n,工程師
1092,enable,v,使能夠；賦予… 1109. enhance v 提高；升高
1110,enlarge,v,擴大；擴展
1093,enclose,v,圍住；圈起
1111,enlargement,n,擴大；
1094,enclosure,n,圍住；封入 擴展
1095,encounter,n,遭遇；衝突 1112. enlist v 從軍；入伍
1113,enrich,v,使富裕；使豐
1096,encourage,v,鼓勵；鼓 富
1114,enrichment,n,致富；豐
1097,encouragement,n,鼓 富
1115,enroll,v,記入名冊；被登
1098,endanger,v,危及；使遭 記
1116,ensure,v,保證；擔保
1099,endeavor,v,努力；力圖
1117,enterprise,n,企業；公司
1100,endorsement,n,背書； 1118. entertain v 娛樂；款待
1119,entertainer,n,請客者；
1101,endure,v,忍耐；忍受 表演者
1120,entertainment,n,演藝； 1138. equivalent a 相等的；
1121,enthusiasm,n,熱忱 1139. error n 錯誤；失誤
1122,enthusiastic,a,熱忱的； 1140. escort v 護送；陪同 n
1123,entire,a,全部的；整個的 1141. especially ad 特別；尤
1124,entirel,ad,全部地；整個 1142. essay n 論文；散文
1143,essence,n,本質；實質
1125,entitle,v,給…權力（或資 1144. essential a 必要的；不
1126,entitled,a,給予權利；使 1145. establish v 建立；設立
1146,establishment,n,建立；
1127,entrance,n,入口；門口 設立
1128,entrust,v,信託；委託 1147. estate n 財產；資產
1129,entry,n,入場；參加 1148. esteem n 尊重；尊敬 v
1130,environment,n,環境 尊重；尊敬
1131,environmental,n,環境的 1149. estimate v 估算；估量
1132,envision,v,想像；展望 1150. eternal a 永恆的；永久
1133,equal,v,平等的；均等的
1134,equality,n,平等；相等 1151. ethic n 倫理；道德
1135,equip,v,裝備；配備 1152. ethical a 倫理的；道德
1136,equipment,n,裝備；配
1153,ethics,n,倫理學；道德學
1137,equity,n,公平；公正 1154. evade v 躲避；逃避
1155,evaluate,v,估價；評價
1156,evaluation,n,估價；評 1172. example n 範例；示範
1173,exceed,v,超過；勝過
1157,evasive,a,逃避的；託辭 1174. excel v 勝過；優於
1175,excellent,a,出色的；傑
1158,even,a,平的；平坦的 出的
1176,except,prep,除……之外
1159,event,n,事件；大事 conj 除了 v 把……除外
1160,eventual,a,最終的；最 1177. exception n 例外；例外
1161,evidence,n,證據；證詞 1178. excess n 超越，超過 a
1162,evident,a,明顯的；明白 過量的；額外的
1179,exchange,v,交換；調換
1163,evoke,v,喚起；引起 n 交換；調換
1164,evolve,v,逐步形成；發 1180. excite v 刺激；使興奮
1181,exclude,v,排除在外；不
1165,exact,a,正確的；精準的 包括
1166,exaggerate,v,誇大；誇 1182. exclusion n 排斥；排除
1167,exaggeration,n,誇大： 1183. exclusive a 排外的；除
1168,exam,n,考試；測驗 1184. exclusively ad 專門地；
1169,examination,n,考試；測
1185,execute,v,實施；處死
1170,examine,v,檢驗；測試 1186. executive a 執行的；實
1171,examiner,n,主考人；檢 施的 n 執行者；行政官
1187,exert,v,運用；行使
1188,exhibit,v,展示，陳列 n 1204. expert n 專家；能手 a
1189,exhibition,n,展覽；展示 1205. expertise n 專門知識；
1190,exist,v,存在；生存
1191,existence,n,存在；實在 1206. expiration n 終結；期滿
1192,exit,v,出口；通道 v 出 1207. expire v 屆期；終止
1208,explain,v,解釋；說明
1193,expand,v,展開；張開 1209. explanation n 解釋；說
1194,expansion,n,擴展；擴
1210,explode,v,爆發；爆炸
1195,expect,v,期待；預期 1211. explore v 探險；挖掘
1196,expectation,n,期待；預 1212. explorer n 探險者
1213,explosion,n,爆發；爆炸
1197,expedite,v,迅速執行； 1214. export v 輸出；出品
1215,expose,v,使暴露於；使
1198,expel,v,驅逐；趕走 接觸到
1199,expenditure,n,消費；支 1216. exposure n 暴露；揭露
1217,express,v,表達，陳述 a
1200,expense,n,費用；價錢 快遞的 n 快遞；快運
1201,expensive,a,高價的； 1218. expression n 表達；表
1202,experience,n,經驗；經 1219. extend v 延長，延伸
1220,extension,n,伸展；伸長
1203,experiment,n,實驗；試
1221,extensive,a,廣大的；廣
1222,extent,n,廣度；程度
1223,extra,a,額外的 1240. faithful a 忠實的；忠誠
1224,extract,n,抽出（物）；
1241,falter,v,蹣跚；踉蹌 n 動
1225,extraordinary,a,異常
1242,familiar,a,眾所周知的；
1243,familiarity,n,熟悉；通曉
1244,familiarize,v,使熟悉；使
1226,fabric,n,布料；織布 親近
1227,fabricate,v,製造；偽造 1245. fare n 票價 v 過活；遭
1228,face,n,臉；面孔 v 面向； 遇
1246,farewell,n,告別；告別辭
1229,facial,a,臉的；面部的 1247. farm n 農場
1230,facilitate,v,促進；幫助 1248. fascinate v 迷住；使神
1231,facilitator,n,促進者；便 魂顛倒
1249,fascination,n,魅力；陶
1232,facility,n,設施；配備 醉
1233,facto,n,因素；成因 1250. fashion n 時尚
1234,factory,n,工廠 1251. fashionable a 流行的；
1235,fail,v,失敗；不及格 n 失
1252,fast,a,快速的；迅速的
1236,failure,n,失敗；挫敗 1253. fasten v 紮牢；繫緊
1237,fair,a,公平的 ad 公平地； 1254. fatal a 命運的；決定命
1238,fairly,ad,公平地；公正地 1255. fate n 命運；天命 v 命
1239,faith,n,信念；信任
1256,father-in-law,n,岳父 1271. fee n 酬金；服務費 v 付
1257,fatigue,n,疲勞；勞累 v
1272,feed,n,飼料；牧草 v 餵；
1258,fault,n,錯誤；失誤
1259,faulty,a,有缺點的；不完 1273. feedback n 回饋
1274,fellow,a,同伴的；同事的
1260,favor,n,幫助；善意的行 n 傢伙；人
1275,fellowship,n,夥伴關係；
1261,favorable,a,贊同的；稱
1276,female,n,女性 a 女性的
1262,favorite,a,喜愛的；喜歡 1277. feminine a 女性的；婦
1263,fax,n,傳真 1278. ferry v 渡過；運送 n 擺
1264,fear,n,恐懼；害怕 v 害
1279,fertility,n,肥沃；豐富
1265,feasibility,n,可行性；可 1280. fertilize v 使肥沃；施肥
1281,fertilizer,n,肥料
1266,feasible,a,可行的；可實 1282. festival n 節日 a 節日的
1283,fetch,v,拿來；拿給
1267,feast,n,盛宴；筵席
1284,fever,n,發燒，發熱 v 發
1268,feat,n,功績；業績 燒；高度興奮
1269,feature,n,特徵；特色 v 1285. fiber n 纖維；纖維製品
1286,fiction,n,小說；虛構
1270,federal,a,國家的；聯邦 1287. field n 原野；田地
1288,fierce,a,兇猛的；殘酷的；
1289,fight,n,戰鬥；打鬥 v 戰 1308. fixture n （房屋等的）
1290,figure,n,外形；體形 v 1309. flaw n 裂縫；缺點 v 使
1291,file,n,文件夾 v 歸檔提出 1310. flawed a 有缺點的；錯
1292,fill,v,裝滿；填滿
1293,film,n,膠捲影片；影片 1311. flawless a 無瑕的；完美
1294,filter,n,濾器 v 過濾；濾
1312,flexibility,n,靈活性；彈
1295,final,a,最後的；最終的
1313,flight,n,班機；航班
1296,finalize,v,完成；結束 1314. fluctuate v 波動；變動
1297,finance,n,財政；金融 1315. fluctuation n 波動；變
1316,fluency,n,流暢
1299,finish,v,結束；完結 1317. fluent a 流暢的；順暢的
1300,finite,a,有限的 1318. focus n 焦點；焦距 v 聚
1301,fire,drill,n 火災避難訓
1319,fold,v,折；折疊
1302,firm,a,穩固的；牢固的 1320. folder n 資料夾
1303,fiscal,a,財政的；金融的 1321. forecast n 預報；預測 v
1304,fit,v,合身；適合 a 適合
1322,foreign,a,外國的；陌生
1305,fitnes,n,健康；適當
1323,foremost,a,最前的；最
1306,fix,v,修理；修復 先的 ad 首先
1307,fixation,n,固定；注視
1324,foresee,v,預見；預知 1341. franchise n 特許經銷
1325,form,n,形狀；外形 v 形
1342,franchisor,n,特許授予人
1326,formal,a,正式的；禮節 1343. frank a 坦白的；直率的
1344,frankly,ad,率直地；坦白
1327,format,n,格式 地
1328,formatted,a,格式化了的 1345. fraud n 欺騙；詭計
1329,formula,n,公式 1346. fraudulent a 欺詐的；欺
1330,formulate,v,使公式化；
1347,free,a,自由的；免費的
1331,fortunate,a,幸運的；僥 ad 免費地；無約束地 v
1332,fortunately,ad,幸運地； 1348. freedom n 自由
1349,freight,n,貨物 v 裝貨於；
1333,fortune,n,財產；好運
1334,forum,n,討論會；論壇 1350. frequency n 頻率
1335,forward,ad,向前 a 前面 1351. frequent a 頻繁的
1352,frequently,ad,頻繁地
1336,foundation,n,建立；創 1353. frighten v 驚恐；害怕
1354,fuel,n,燃料 v 加燃料；
1337,founder,n,創辦人 加油
1338,fraction,n,片段；碎片 1355. fueled a 加燃料的
1339,frame,n,架構；骨架 v 1356. fulfill v 執行；履行
1357,fulfillment,n,履行；實現
1340,framework,n,構造；機 1358. function n 功能；作用 v
1359,functioning,a,運作的 1376. gear n 工具；設備 v 使
1360,fund,n,資金
1361,fundamental,a,基礎的； 1377. gender n 性別
1378,general,a,普通的；一般
1362,funding,n,資金；基金
1363,fundraiser,n,資金籌集人 1379. generally ad 通常；一般
1364,furniture,n,傢俱；設備
1380,generate,v,產生；發生
1365,further,a,更遠的 ad 更遠
1381,generation,n,世代；一
1382,generosity,n,慷慨；大
1366,gamble,n,賭博；打賭 v 1383. generous a 慷慨的
1384,genius,n,天才；天資
1367,gap,v,裂開 n 缺口；隔 1385. gentle a 紳士的
1386,gentleman,n,紳士
1368,garbage,n,垃圾
1387,genuine,a,真誠的；不造
1369,garment,n,服裝；衣著 作的
1370,gasoline,n,汽油 1388. geographic a 地理學
1371,gas,n,氣體；瓦斯 的；地理的
1372,gate,n,大門；柵欄門 1389. geography n 地理；地
1373,gatekeeper,n,看門人；
1390,germ,n,微生物；細菌
1374,gather,v,收集；召集 n 1391. gesture n 姿勢；手勢
1392,getaway,v,逃走；起步
1375,gathering,n,集會；聚集
1393,giant,n,巨人 a 巨人般 1411. govern v 統治；管理
1412,government,n,政府
1394,gift,n,禮物；天賦 1413. grab v 抓取；拾取
1395,gifted,a,有天資的；有天 1414. grace n 優雅
1415,graceful,a,優雅的
1396,gift-wrap,v,用包裝紙包
1416,grade,n,成績；等級
1397,glamor,n,魅力；魔力 1417. gradual a 逐漸的；逐步
1398,glance,v,掃視；瞥見
1418,gradually,ad,逐漸地
1399,glitch,n,小故障；失靈
1419,graduate,v,准予畢業；
1400,global,a,球狀的；全世界 授與學位
1420,grand,a,雄偉的；堂皇的
1401,globe,n,球狀物；地球
1421,grant,v,同意；允許
1402,gloom,n,黑暗；陰暗 v
1422,graph,n,圖表；圖解
1403,glorify,v,讚美；美化 1423. grasp v 抓牢；握緊 n
1404,glory,n,光榮；榮譽
1424,grateful,a,感激的；感謝
1405,glossary,n,詞彙表；術 的
1425,gratitude,n,感恩；感謝
1406,glove,n,手套
1426,gratuity,n,賞錢；小費
1407,glow,v,發光；發熱
1427,gravity,n,重力；引力
1408,goodwill,n,善意；好心
1428,greed,n,貪心
1409,gorgeous,a,燦爛的；華
1429,greenhouse,n,溫室；暖
1410,gossip,n,閒話；聊天 v
1430,grin,v,露齒而笑；齜牙咧 1448. guideline n 指導方針
1449,guilt,n,罪惡；過失
1431,grip,n,緊握；夾住 1450. guilty n 有罪的；罪惡的
1432,grocer,n,食品雜貨商 1451. gym n 體育館：體操
1433,grocery,n,食品雜貨店 1452. gymnasium n 體育館；
1434,groom,n,新郎 v 打扮； 體操
1435,gross,a,總的；顯著的 n
1436,ground,n,地面；土地 1453. habit n 嗜好；興趣
1437,groundbreaking,a,開創 1454. habitat n 棲息地；產地
1455,habitual,a,習慣的
1438,grow,v,成長；生長 1456. hack v 劈；砍
1439,growth,n,成長；發育 1457. haircut n 髮型；理髮
1440,guarantee,n,保證；保 1458. hairdresser n 美髮師
1459,half,n,一半 a 一半的 ad
1441,guard,n,哨兵；衛兵 v 一半地
1460,halfway,a,中途的 ad 中
1442,guardian,n,守護者；管 途地
1461,hall,n,會堂；大廳
1443,guess,v,猜測；臆測 1462. hallmark n 品質證明；
1444,guest,n,賓客；客人 戳記
1445,guidance,n,引領；帶領 1463. hallway n 玄關；門廳
1446,guide,n,引領；帶領 v 1464. halt n 暫停；停止 v 停
1447,guidebook,n,旅行指南 1465. handbag n 手提包
1466,handbook,n,手冊；旅行 1483. headline n 標題；大標
1467,handful,n,一把；一握 1484. headquarter n 總部
1468,handicap,n,障礙，殘障 1485. heal v 癒合；痊癒
1469,handle,v,操作；操縱 1486. health v 健康
1470,handling,n,操作；管理 1487. healthy a 健康的；健全
1471,handout,n,施捨物；傳
1488,hear,v,聽見；聽
1472,handshake,n,握手 1489. heat n 熱度；熱烈 v 變
1473,harbor,n,港灣；海港 v
1490,heater,n,加熱器；暖氣
1474,hardly,ad,幾乎不；簡直
1491,heel,n,腳後跟
1475,hardware,n,器件；器具 1492. height n 高度；海拔
1476,harm,n,傷害；危害 v 傷 1493. helmet n 帽盔；安全帽
1494,help,n,幫助 v 補救；治
1477,harmful,a,有害的；不良 療
1495,helpful,a,有幫助的；有
1478,harmony,n,和睦；融洽 益的
1479,harvest,n,收成；產量 v 1496. hemisphere n 半球；半
1480,hasty,a,匆忙的；急忙的 1497. hence ad 因此；由此
1481,hazard,n,危險；危害物 1498. herd n 畜群；牧群 v 放
1482,hazardous,a,有危險的； 1499. heritage n 遺產；命運
1500,hesitate,v,躊躇；猶豫
1501,hesitation,n,躊躇；猶豫 1518. honest a 誠實的；正直
1502,hidden,a,隱藏的；隱祕
1519,honesty,n,誠實；正直
1503,hide,v,隱藏 1520. honor n 榮譽；名譽
1504,high,a,高的；高級的 ad 1521. honorary a 榮譽的; 名
1505,highway,n,公路；幹道 1522. hopeful a 有希望的；有
1506,hike,v,健行；遠足
1507,hilarious,a,可笑的；荒 1523. hopeless a 無望的；沒
1508,hinder,v,妨礙；阻礙 1524. horizon n 地平線；眼界；
1509,hint,n,暗示 v 暗示；示
1525,horizontal,a,水平的；橫
1510,hire,v,僱用 n 租用；僱
1526,horrible,a,可怕的；令人
1511,hobby,n,興趣；癖好
1527,horrify,v,使恐懼；使驚
1512,hold,v,握著；抓住 n 掌 懼
1528,hospital,n,醫院
1513,hole,n,洞；破洞 v 鑿洞
1529,hospitality,n,好客；殷勤
1514,holiday,n,節日；假日
1530,host,n,主人；主辦
1515,home,n,家庭；家庭生活
1531,hostile,a,敵人的；敵方
1516,homesick,n,思家的
1532,hotel,n,旅館；飯店
1517,hometown,n,故鄉；家
1533,hour,n,小時；時刻
1534,hourly,a,每小時的 ad 每 I
1551,ice,n,冰 v 結冰
1535,house,n,房子；住宅
1552,ice-cold,a,冰冷的；毫無
1536,household,n,家庭，戶 感情的
1553,icon,n,畫像；偶像
1537,housekeeper,n,管家；
1554,icy,a,多冰的；冷冰冰的
1538,housing,n,房屋，住宅 1555. idea n 打算；計畫
1539,hub,n,集線器 1556. ideal a 理想的；完美的
1540,huge,a,龐大的；巨大的 1557. idealize v 形成理想；理
1541,humane,a,人道的；仁
1558,identical,a,相同的；完
1542,humankind,n,人類
1559,identification,v,認出；
1543,human,resource,n 人力 識別
1560,identify,v,認出；識別
1544,humble,a,謙遜的；謙恭
1561,idle,v,閒置的；空閒的
1545,humid,a,潮濕的 1562. idol n 偶像
1546,humidity,n,濕氣；濕度 1563. idolize v 崇拜偶像
1547,humor,n,幽默感；幽默 1564. ignite v 點燃；使燃燒
1548,hurry,v,使趕緊；催促 n 1565. ignition n 著火；燃燒
1566,ignorance,n,無知；不學
1549,hurt,n,受傷；疼痛 a 受
1567,ignorant,a,無知的；不
1550,hush,n,靜寂，沉默 v 使
1568,ignore,v,不理會；忽視
1569,ill,a,生病的；壞的 n 不 1588. immense a 巨大的；廣
1570,ill-advised,a,欠考慮的； 1589. immigrant n 移民；僑民
1571,illegal,a,違法的 1590. immobile a 不能動的；
1572,illicit,a,不法的，違禁的
1573,illiteracy,n,不識字；文 1591. immune a 免疫的
1592,impact,v,產生影響
1574,illness,n,患病；身體不 1593. impair v 損害；損傷
1594,impartial,a,公正的；無
1575,illogical,a,不合邏輯的 偏見的
1576,illuminate,v,照亮；照射 1595. impatient a 不耐煩的，
1577,illusion,n,錯覺；幻覺
1578,illustrate,v,說明；闡明 1596. impeccable a 無懈可擊
1579,illustration,n,描繪；插畫
1597,impede,v,妨礙；阻礙
1580,image,n,圖像；圖案
1598,imperative,a,必要的；
1581,imaginary,a,想像的；幻 緊急的
1599,implement,n,工具；器
1582,imagination,n,想像力 具 v 履行；實施
1583,imagine,v,想像 1600. implementation n 履
1584,imitate,v,模仿 行；完成
1585,immature,a,不成熟的 1601. implication n 牽連；涉
1586,immediate,a,立刻的；
1602,imply,v,暗指；暗示
1587,immediately,ad,馬上； 1603. impolite a 失禮的
1604,import,n,進口；輸入 1623. incentive n 鼓勵；動機
1605,importance,n,重要性 a 刺激的；鼓勵的
1606,important,a,重要的 1624. inch n 英吋；少許 v 緩
1607,impose,v,強加於
1625,incident,n,事件；事變
1608,impossible,a,不可能的
1626,incidental,n,附帶的；伴
1609,impractical,a,不實際的 隨的
1610,impress,v,使感動；使銘 1627. incinerate v 焚化；灰化
1628,incinerator,n,焚化爐
1611,impression,n,印象
1629,inclination,n,傾向；意向
1612,impressive,a,印象深刻
1630,incline,v,傾斜；屈身
1613,improper,a,不合適的 1631. include v 包括；包含
1614,improve,v,增強；改善 1632. including prep 包括；包
1615,improvement,n,增強；
1633,inclusive,a,包含的，包
1616,impulse,n,衝動；刺激
1634,incoherent,a,無條理的；
1617,inability,n,無能；無力 不一貫的
1618,inaccurate,a,不正確的 1635. income n 收入；收益
1619,inactive,a,不活躍的 1636. incoming a 進來的 n 進
1620,inadequate,n,不適切的 來；收入
1621,inbound,a,回內地的；歸 1637. incompetent a 無能力
1638,incomplete,a,不完全的；
1639,inconsistent,a,不一致 1655. index n 索引 v 表明；指
1640,inconvenience,n,不方 1656. indicate v 指示；指出
1657,indication,n,徵兆；跡象
1641,inconvenient,a,不方便 1658. indicator n 指示者；指
1642,incorporate,v,合併；混 1659. indifference n 漠不關
1643,incorporation,n,公司； 1660. indifferent a 冷淡的
1661,indispensable,a,必需的
1644,incorrect,a,不正確的
1662,individual,a,個體的；個
1645,increase,v,增加；增多 人的
1663,indoor,a,室內的
1646,incredibility,n,不可信
1664,indoors,ad,在室內；在屋
1647,incredible,a,難以置信 裡
1665,industrial,a,工業的
1648,incur,v,招致；惹起
1666,industrialize,v,工業化
1649,indebt,v,使負債
1667,industry,n,工業；企業
1650,indecisive,a,優柔寡斷的
1668,inevitable,a,無法避免的
1651,indeed,ad,真正地；確實
1669,inevitably,ad,無法避免地
1652,indefinite,a,不確定的；
1670,infamous,a,聲名狼藉的
1653,independent,a,獨立的； 1671. infancy n 嬰兒期；幼年
1672,infant,n,嬰兒 a 嬰兒的；
1654,in-depth,a,深入的；徹 初期的
1673,infect,v,使受影響；感染
1674,infection,n,傳染；侵染 1693. inherent a 內在的；固
1675,infer,v,推論；推斷
1676,inference,n,推論；推斷 1694. initial a 開始的；最初的
1677,inferior,a,低等的；下級 1695. initially ad 開始的；最初
1678,infinite,a,無限的 1696. initiate a 新加入的
1679,infinity,n,無限 1697. initiation n 開始；創始
1680,inflation,n,通貨膨脹 1698. initiative a 創始的
1681,inflict,v,給予（打擊）； 1699. inject v 注射
1700,injection,n,注射
1682,influence,n,影響；作用 1701. injure v 傷害；損害
1683,influx,n,湧進；匯集 1702. injured a 受傷的
1684,info,n,通知；報告 1703. injury n 受傷
1685,inform,v,通知；告知 1704. inner a 內部的；核心的
1686,informal,a,不正式的 1705. innocent a 無辜的；單
1687,information,n,資訊
1688,informative,a,見聞廣博 1706. innovate v 創立；革新
1707,innovation,n,創新
1689,infrastructure,n,公共建 1708. innovator n 創新者
1709,inquire,v,詢問；打聽
1690,ingredient,n,組成；原料 1710. inquiry n 詢問；打聽
1691,inhabit,v,居住於；棲息 1711. insane a 精神錯亂的；
1692,inhabitant,n,居民；居住 1712. insanity n 瘋狂
1713,insecure,a,不安全的； 1730. instant a 立即的；即刻
1714,insecurity,n,不安全；危 1731. instantaneously ad 即
1715,insert,v,插入；嵌入 1732. instead ad 反而，卻
1716,inside,n,內部；裡面 a 1733. institute n 協會；學院 v
1734,institution,n,制度；機構
1717,insider,n,內部的人；會 1735. instruct n 命令；指示
1736,instruction,n,命令；指
1718,insight,n,見解；看法 示
1719,insignificant,a,不重要的 1737. instructor n 教練；指導
1720,insist,v,堅持 者
1721,inspect,v,檢查；審查 1738. instrument n 樂器；儀
1722,inspection,n,檢查；審查
1723,inspector,n,檢查員；視 1739. instrumental a 用樂器
1724,inspiration,n,靈感；鼓 1740. insult v 侮辱；羞辱
1741,insurance,n,保險；保險
1725,inspire,v,鼓舞；激勵
1726,inspiring,a,激勵人心的 1742. insure v 保證；確保
1727,install,v,安裝；設置 1743. integrity n 正直
1728,installment,n,安裝；設 1744. intelligence n 聰明才智
1745,intend,v,想要；打算
1729,instance,n,例子；實例 1746. intense a 強烈的；劇烈
1747,intensify,v,加強；增強 1765. interviewer n 採訪者
1748,intensive,a,加強的；密 1766. intricate a 錯綜複雜的；
1749,intent,v,意圖；目的 1767. introduce v 介紹；引見
1750,intention,n,意圖；目的 1768. introduction n 介紹；引
1751,interchangeable,a,可交
1769,introductory,a,介紹的
1752,interest,n,興趣；喜好； 1770. invent v 發明；創造
1771,invention,n,發明；創造
1753,interfere,v,妨礙；衝突 1772. inventive a 發明的；創
1754,interior,a,內部的；內側 造的
1773,inventor,n,發明家；創作
1755,intermittent,a,間歇的； 者
1774,inventory,n,存貨清單；
1756,internal,a,內部的 目錄
1757,international,a,國際的 1775. invest v 投資
1758,internationalize,v,使國 1776. investment n 投資
1777,investor,n,投資者
1759,interpret,v,解釋；說明 1778. invisible a 看不見的；無
1760,interpreter,n,口譯者 形的
1761,interrupt,v,打擾；干擾 1779. invitation n 邀請；邀請
1762,interruption,n,打擾；干
1780,invite,v,邀請
1763,interview,n,訪談；面試 1781. invoice n 發票；發貨單
1764,interviewee,n,被面試的 1782. involve v 涉入；參與
1783,involvement,n,參與
1784,irrelevant,a,不相干的 1801. justice n 正義；公平
1785,issue,v,發行；配給 n 問 1802. justify v 證明無罪；開釋
1786,item,n,項目；條款
1787,itemize,v,分條列述；詳
1803,keen,a,熱心的；敏銳的
1788,itinerary,n,旅程；路線 a 1804. keenly ad 敏銳地；銳利
1805,keep,v,持有；保有
1806,keeper,n,飼養者；保管
1789,janitor,n,看門人的工友 1807. key n 鑰匙；關鍵
1790,job,n,工作；職業 1808. keyboard n 鍵盤
1791,jobless,a,失業的 1809. kick v 踢；剔除
1792,jog,n,慢跑；緩行 v 慢 1810. kickoff n 開球；開始
1811,kid,n,小孩；兒童
1793,join,v,參與；參加
1812,kidna,v,綁架
1794,joint,n,關節；接合點
1813,kidnapper,n,綁票者
1795,journal,n,日報；雜誌
1814,kidney,n,腎臟
1796,journalist,n,新聞工作者
1815,kilogram,n,公斤
1797,journey,n,旅行
1816,kilometer,n,公里
1798,judge,v,審判；判決 n
1817,kin,a,同類的；類似的 n
1799,judgmental,a,判定的
1818,kind,a,親切的；和藹的
1800,junction,n,連接；接合； n 種類
1819,kindly,a,親切的；和藹的 1835. lamp n 燈；油燈 v 照；
1820,kindness,n,親切；寬大 1836. land n 陸地；田地；地
1821,kit,n,成套工具 產 v 登陸；降落
1822,know,v,知道；了解 1837. landing n 降落，著落
1823,knowingly,ad,熟悉地 1838. landlady n 女房東；女
1824,knowledge,n,知識
1839,landlord,n,地主；房東
1825,knowledgeable,a,博學
1840,landmark,n,地標；里程
1841,landscape,n,風景；景
1826,lab,n,實驗室 1842. landscaper n 庭園設計
1827,label,n,貼紙；標籤 v 貼
1843,languish,v,變得無生氣；
1828,labor,n,勞工；勞動 v 勞
1844,lapse,v,時間流逝；跌落
1829,laboratory,n,實驗室 v 流逝；背離
1830,lack,v,缺少；缺乏 n 欠 1845. large a 大的；巨大的
1846,large-scale,a,大規模的
1831,lacking,a,缺乏的 1847. lash n 鞭打；抽打 v 鞭
1832,lag,v,落後；延遲 n 落後；
1848,last,v,持續；維持
1833,laid-back,a,懶散的；閒 1849. lasting 持久的；持續的
1850,last-minute,a,最後的
1834,lamentl,n,哀悼；悲痛；
1851,late,a,遲的；已故的；晚 1870. league n 同盟；聯盟 v
1852,lately,a,近來；最近 1871. leak n 漏洞；裂縫 v 洩
1853,later,a,較晚的；更晚的
1872,leakage,n,漏；洩漏
1854,latter,a,後者的；後面的 1873. lean v 傾身；屈身
1855,launch,v,發射；發動 n 1874. leap v 跳過；越過 n 跳；
1856,laundry,n,洗衣店；送洗 1875. learn v 學習；學會
1876,lease,n,租約；租契 v 出
1857,lavatory,n,盥洗室；洗手 租
1877,least,a,最小的；最少的
1858,law,n,法律；規則 1878. leathe n 皮革 a 皮的；
1859,lawful,a,合法的；法定的 皮革製的
1860,lawsuit,n,訴訟 1879. leave v 離開；脫離
1861,lawyer,n,律師 1880. lecture n 授課；演講
1862,lay,v,放；擱；下蛋 1881. legal a 合法的；正當的
1863,layer,n,層；階層 1882. legalize v 使合法化
1864,layoff,n,解雇 1883. legitimate a 合法的；正
1865,layout,n,安排；設計陳列
1866,lead,v,領導；帶領 1884. leisure n 閒暇；空暇時
1867,leader,n,領導
1885,lend,v,借；提供
1868,leading,a,領路的；帶領
1886,lesson,n,課程；學習
1869,leaflet,n,傳單；單張印刷 1887. letter n 信；書信
1888,letterhead,n,印在信紙的 1903. litter n 廢棄物；雜亂 v
1889,level,n,水平面；程度 a 1904. load n 負擔；重任 v 裝；
1905,loan,n,貸款 v 借出；貸
1890,leverage,n,手段；力量； 與
1906,local,a,當地的；本地的
1891,liability,n,傾向責任 n 本地人
1892,liable,a,易……的；可能 1907. locate v 設置在；座落於
1908,located,a,坐落的；位於
1893,liberal,a,開明的；不守舊 的
1909,location,n,地點；定位
1894,library,n,圖書館 1910. lock n 鎖 v 鎖上
1895,license,n,證照；許可 v 1911. locksmith n 鎖匠
1912,logistics,n,物流；運籌
1896,lifestyle,n,生活方式
1913,logo,n,標識
1897,likelihood,n,可能；可能
1914,loom,n,織布機
1898,likely,a,適當的；可能的 1915. lose v 丟失；輸去；賠
1899,limit,v,界線；界限 v 限 1916. loss n 喪失；遺失
1917,lounge,n,閒蕩；躺椅 v
1900,limited,a,有限的；不多 閒蕩；閒逛
1918,loyal,a,忠誠的；忠心的
1901,link,n,連結；聯繫 v 連 1919. loyalty n 忠誠；忠心
1920,lucrative,a,賺錢的；有
1902,list,n,表；名冊 利可圖的
1921,luggage,n,行李 1937. management n 管理；
1922,lumber,n,木材；木料 n
1938,manager,n,經理；主任
1939,managerial,a,管理人
1940,mandate,n,命令；指令
1923,mad,a,發瘋的；發狂的
1941,manner,n,方式；態度；
1924,madness,n,瘋狂；神經 禮貌
1942,manual,a,手的；手工的
1925,magazine,n,雜誌 n 手冊；便覽
1926,magnificent,a,壯麗的； 1943. manually ad 手工地
1944,manufacture,v,製造，
1927,mail,n,信件：郵件 v 郵 加工 n 製造業；製品
1945,manufacturer,n,製造業
1928,mailing,n,郵寄；郵件 者；廠商
1929,main,a,主要的；最重要 1946. margin n 邊；邊沿
1947,mark,n,痕跡；汙點；記
1930,mainframe,n,主機；中 號 v 記下；標明
1948,market,n,市場；銷路
1931,maintain,v,維持；保持
1949,match,n,比賽；競賽 v
1932,maintenance,n,維持； 相配；相適合
1950,maternal,a,母親的；母
1933,major,a,主要的；一流的 性的
1934,majority,n,多數派；大多 1951. matter n 事情；問題；
1935,mall,n,購物中心 1952. maximum n 最大量；最
1936,manage,v,管理；經營 大數 a 最大的；最多的
1953,mayor,n,市長 1969. menu n 菜單；功能選單
1954,mean,a,吝嗇的；小氣的 1970. merchandise n 商品；
1955,meaning,n,意思；含義 1971. merge v 合併；融合
1972,merger,n,（公司等的）
1956,measurable,a,可測量的 合併
1957,measure,v,測量；計量 1973. message n 信息；消息
1958,measurement,n,測量； 1974. messenger n 送信人；
1959,medicine,n,藥；良藥 1975. method n 方法；手段
1960,mediocre,a,中等的；平 1976. meticulous a 過分精細
1961,medium,n,媒介物；手段 1977. metropolitan a 大都市
1962,member,n,會員
1963,membership,n,會員身 1978. midday n 正午；中午
1979,midmorning,n,上午之中
1964,memo,n,備忘錄 (=
1980,mid-range,a,中等的；平
1965,mend,v,修補；改善 n 1981. mild a 溫和的；溫柔的
1982,mildly,ad,溫和地；溫柔
1966,mental,a,精神的；心理 地
1983,millennium,n,千年期
1967,mention,v,提到；說起 n 1984. minimum n 最小量；最
1968,mentor,n,導師
1985,minority,n,少數；少數派 2000. modest a 謙虛的；審慎
1986,minute,n,分鐘；一會兒
2001,modification,n,修改；改
1987,minutely,a,每分鐘的；
2002,momentum,n,氣勢；衝
1988,miserable,a,痛苦的；不 2003. monetize v 定為貨幣
2004,money,n,錢；貨幣
1989,miserably,ad,痛苦地； 2005. monitor n 顯示器；螢幕
1990,mission,n,使命；任務； 2006. mood n 心境；情緒；氣
1991,mistake,v,弄錯；誤解 n 2007. moral a 道德的 n 道德；
1992,mistaken,a,弄錯的；誤 2008. mortgag n 抵押 v 抵押
2009,motivate,v,刺激；激發
1993,mistreat,v,虐待
2010,motivation,n,刺激；推
1994,mistreatment,n,虐待 動
1995,misunderstand,v,誤會； 2011. motive n 動機；主旨 a
1996,misunderstanding,n,誤 2012. move v 移動；推動
2013,movement,n,運動；活
1997,mitigate,v,使緩和；減輕 動；行動
1998,mobilize,v,動員；調動 2014. mul v 深思熟慮 n 亂糟
1999,moderately,ad,適度地； 糟；混亂
2015,myriad,n,無數；大量 a
2031,natural,a,自然的；不做
2016,nag,v,嘮叨；責罵不休 n
2032,naturally,ad,自然地；天
2017,nail,n,釘子；指甲 v 釘
2033,nearby,a,附近的 ad 附
2018,naive,a,天真的；幼稚的
2034,necessarily,ad,必定；必
2019,name,n,名字；姓名 v 然地
2035,necessary,a,必要的，
2020,namely,ad,即；那就是 必需的
2021,narrate,v,敘述；作旁白 2036. necessity n 需要；必要
2022,narration,n,敘述；講述 性
2023,narrator,n,敘述者；講述 2037. need n 需要；必要 v 需
2024,narrow,a,狹的；狹窄的 2038. neglect n 忽視；忽略 v
2025,narrowly,ad,狹窄地；勉 2039. neglectful a 疏忽的；不
2026,nation,n,國民；國家 2040. negligence n 疏忽；粗
2027,national,a,全國性的；國
2041,negotiable,a,可協商的
2028,nationality,n,國籍 2042. negotiate v 協商；交涉
2029,nationwide,a,全國性的 2043. negotiator n 磋商者；交
2030,native,a,天生的；本國的 2044. nevertheless ad 仍然；
2045,news,n,新聞；消息
2046,newsletter,n,報紙 2064. objective a 客觀的；如
2047,nexus,n,連結；連鎖
2048,nominate,v,提名；任命 2065. obligation n 義務；責任
2049,nomination,n,提名；任 2066. obligatory n 義不容辭
2050,nominee,n,被提名人 2067. observe v 觀察；注意
2051,note,n,筆記；記錄 v 注 2068. obsolete a 廢棄的；淘
2052,notebook,n,筆記本 2069. obtain v 得到；獲得
2053,notice,v,注意；留意 2070. obvious a 明顯的
2054,novel,n,小說 2071. obviously ad 明顯地
2055,novelty,n,新穎；新奇 2072. occasion n 場合；狀況
2056,null,a,無效的；無價值的 2073. occupancy n 佔有；入
2057,nurse,n,護士
2074,occupation,n,工作，職
2058,nursing,n,看護；護理 業
2059,nurture,n,養育；教養 v 2075. occupied a 佔用的；在
2060,nutrient,a,營養的；滋養 2076. occur v 發生；出現
2077,occurrence,n,發生；出
2061,nutrition,n,營養；滋養 現
2078,offence,n,罪過；犯法 (=
2062,object,n,對象；目標 v 2079. o 規 ff 的 en 人 der n 違法者；犯
2063,objection,n,反對；異議 2080. offense n 罪過；犯法
2081,offensive,a,冒犯的；唐 2098. ordinarily a 通常地；慣
2082,offer,v,提供 2099. ordinary a 平凡的；通
2083,office,n,辦公室；職務
2084,official,a,官方的；公務 2100. organize v 組織；安排
2101,origin,n,起源；由來
2085,offset,v,補償；抵銷 n 補 2102. original a 本來的；最初
2086,omission,n,遺漏；省略 2103. originality n 創造力；獨
2087,omit,v,遺漏；省略
2088,operate,v,營業；運轉 2104. originally ad 本來的；最
2089,operation,a,營業；運轉
2105,originate,v,發源；來自
2090,operational,a,操作上
2106,outbound,a,ad 向外去
2091,operator,n,操作者
2107,outdo,v,勝過；超越
2092,opinion,n,意見；評論
2108,outdoor,a,戶外的，露天
2093,opportune,a,恰好的； 的
2109,outer,a,外面的；外表的
2094,opportunity,n,機會
2110,outgoing,a,友好的; 外
2095,opposite,a,相反的； 向的
2111,outgun,v,火力壓過；武
2096,option,n,選項；選擇
2112,outlaw,n,歹徒；罪犯 v
2097,order,n,順序；狀況；命 法律上失效
2113,outlet,n,銷路；商店
2114,outline,n,外形；輪廓 v 2129. overhead a 在頭頂上
2115,outlook,n,觀點；看法
2116,outmaneuver,v,以計謀 2130. overlap v 部分重疊
2131,overlook,v,看漏；忽略
2117,out-of-date,a,不流行的 2132. overseas a 在海外；在
2118,output,v,出產；生產 n
2133,oversee,v,監視；監督
2119,outrage,n,惡行；暴行 v 2134. overtime n 加班 a 超過
2120,outrageous,a,可憎的； 2135. overview n 概觀；概要
2136,overwhelm,v,戰勝；征
2121,outrun,v,超過；超出 服
2122,outskirt,n,市郊；郊區 2137. ow v 欠；歸功於
2123,outsmart,v,用計謀打敗 2138. own a 自己的 v 有；擁
2124,outstanding,a,顯著的；
2139,owner,n,物主；所有人
2125,outward,a,向外的；往外
2126,outweigh,v,比……重； 2140. package n 包裹；包
2141,panel,a,控制板；陪審員
2127,overall,a,總的，全部的
2142,paragraph,n,（文章的）
2128,overcome,v,戰勝；克服
2143,part,n,部分；本分 v 分 2160. patient a 有耐心的
2161,pattern,n,花樣；圖案
2162,pay,v,付；支付 n 薪俸；
2144,partial,a,部分的；局部 報酬
2163,payable,a,應支付的；到
2145,participant,n,參與者 期的
2146,participate,v,參加；參 2164. payment n 支付；付款
2165,payroll,n,薪金總額；發
2147,particular,a,特有的，獨 薪名單
2166,peace,n,和平；平靜
2148,particularly,ad,特別；尤
2167,peaceful,a,和平的；安
2149,partner,n,夥伴；同伴
2168,peculiar,a,奇怪的；乖癖
2150,partnership,n,合夥關係 的
2151,part-time,a,兼職的 2169. penalize v 處罰；處刑
2152,party,n,聚會；派對；黨 2170. penalty n 處罰；刑罰
2171,perceive,v,察覺；感知
2153,pass,v,穿過；通過 n 通
2172,percent,n,百分比；百分
2154,passage,n,通行；走廊
2173,percentage,n,百分率；
2155,passenger,n,乘客 百分比
2156,passport,n,護照 2174. perception n 感知；感
2157,patch,n,補釘；補片 v 受
2175,perfect,a,完美的；理想
2158,path,n,小徑 的
2159,patience,n,耐心
2176,perform,n,表演；實施 v 2192. Ph.D. n 博士學位 (=
2177,performance,n,表演； 2193. pharmacy n 藥房
2194,photo,n,照片
2178,perhaps,ad,也許；大概 2195. photograph n 攝影照
2179,period,n,時期；期間； 2196. photographer n 攝影師
2197,pile,n,堆；一堆 v 堆積；
2180,periodical,a,週期的；定 疊
2198,pin,n,大頭針；別針 v 別
2181,permanent,a,永恆的； 住；釘住
2199,pioneer,n,拓荒者；開拓
2182,permit,v,允許；許可 者
2183,persistence,n,持續的； 2200. pipeline n 渠道；路線
2201,pitch,v,投；擲；定在 n
2184,persistent,a,持續的；持 音高；程度
2202,place,n,地點；地區；身
2185,personnel,n,人員；員工 分 v 放置；安置
2186,perspective,a,透視的 n 2203. placement n 布置
2204,placid,a,平靜的；寧靜的
2187,persuade,v,說服；勸服
2205,plain,a,簡樸的；坦白的
2188,persuasion,n,說服；勸 n 平原；曠野
2206,plan,n,計畫；方案 v 計
2189,pertain,v,從屬；附屬 畫；打算
2190,pertinent,a,恰當的；貼 2207. plane n 飛機
2208,planet,n,行星
2191,petrol,n,汽油
2209,plant,n,植物
2210,please,v,請；討人喜歡； 2226. position n 位置；姿態
2227,possess,v,擁有；佔有
2211,pleased,a,喜歡的；滿意 2228. possession n 擁有；所
2212,pleasure,n,愉悅；滿足 2229. possibility n 可能性
2213,plug,n,塞子，栓； v 塞 2230. possible a 可能的
2231,post,n,崗位；哨所
2214,plumber,n,水管工
2232,postage,n,郵資；郵費
2215,pocket,n,口袋；財力 a
2233,posting,n,任命；委任職
2216,policy,n,政策；方針
2234,postmaster,n,郵政局長
2217,polite,a,有禮貌的；客氣
2235,postpone,v,延遲
2218,poll,n,投票；選舉 v 投 2236. posture n 姿勢；姿態
2237,potency,n,權力；效力
2219,pollute,v,汙染 2238. potential a 有潛力的；
2220,pollution,n,汙染 可能的
2221,ponder,v,仔細考慮；衡 2239. power n 力量；權力
2240,powerful,a,強大的；權
2222,population,n,人口 力大的
2223,portable,a,手提式的； 2241. PR n 公共關係 (= public
2224,portfolio,n,文件夾；個人 2242. practical a 有用的；實
2225,pose,n,姿勢 v 擺姿勢； 2243. practice v 練習
2244,precise,a,精準的
2245,precisely,ad,精準地 2261. present a 現在的；當前
2246,precondition,n,先決條 的；出席的 n 現在；目
2247,predict,v,預言；預知 2262. preserve v 保存；保藏
2248,predictable,a,可預言的 2263. president n 總統；會長；
2249,prediction,n,預言；預報
2264,press,v,按；壓；迫使 n
2250,predisposition,n,傾向； 報刊；新聞界
2265,pressure,n,壓力
2251,predominate,v,主宰；
2266,presume,v,設想；相假
2252,preface,n,序言；引語 v
2267,pretend,v,假裝；佯裝
2253,prefer,v,偏好 2268. pretense n 假裝；矯飾
2254,preference,n,偏好；喜 2269. pretentious a 矯飾的；
2255,prejudice,n,偏見；歧視 2270. prevail v 勝過；戰勝
2271,prevalent,a,流行的；盛
2256,premises,n,生產場所；
2272,prevent,v,防止；預防
2257,premium,a,高價的；優 2273. preventive a 預防的；
2258,prepaid,a,預先付的 2274. previous a 以前的
2259,prepare,v,準備 2275. previously ad 事先；以
2260,prescription,n,命令；指
2276,price,n,費用；價錢
2277,priceless,a,貴重的；無 2295. procurement n 取得；
2278,primarily,ad,首先；起初； 2296. product n 產品；成品
2297,production,n,生產；製
2279,prime,a,最初的；原始的 作
2280,principal,a,主要的；首 2298. productivity n 生產力；
2281,principle,n,原則；原理 2299. profession n 職業；同
2282,prior,a,在前的；居先的
2283,prioritize,v,按優先順序 2300. professional a 專業的
2301,proficiency,n,精通；熟
2284,priority,n,優先；重點
2285,privacy,n,隱私 2302. profit v 得益；獲益 n 利
2286,private,a,隱私的
2303,profitable,a,有利的；贏
2287,privatize,v,使私有（民 利的
2304,profound,a,深刻的；深
2288,privilege,n,特權；優特 切的
2289,prize,n,獎品；獎賞 2305. program n 計畫；方案；
2290,probably,ad,大概；或許 節目
2291,procedure,n,程序；手續 2306. programmer n 程式設
2292,proceed,v,開始；著手；
2307,progress,v,前進；進行
2293,process,n,過程；進程 v
2308,progression,n,前進
2294,procure,n,引起；導致 2309. prohibit v 禁止；妨礙
2310,project,v,計畫；投射
2311,projection,n,投擲；發射； 2327. provide v 提供
2328,proximity,n,接近；鄰近
2312,prolific,a,多產的；豐富 2329. public a 公眾的
2330,publication,n,出版物；
2313,prolong,v,延長；拖延 公布
2314,promise,v,承諾；允諾 n 2331. publicize v 宣傳；公布
2332,publish,v,出版；發行
2315,promote,v,晉升；促進
2333,publisher,n,出版社
2316,promotional,a,增進的；
2334,punish,v,處罰
2317,proof,n,證據；物證 a 能 2335. punishment n 處罰
2336,purchase,v,購買；獲得
2318,proper,a,適合的；適當 2337. pure a 純潔的；完全的
2338,purely,a,純粹地
2339,purify,v,使純淨；淨化
2320,proposal,n,計畫；提案； 2340. purpose n 目的；意圖
2341,pursue,v,追求；求愛；
2321,propose,v,計畫；建議；
2342,pursuit,n,追求；尋求
2322,prospect,n,指望；預期
2323,protect,v,保護；防護 2343. qualification n 資格；能
2324,protection,n,保護；防護 力
2325,proud,a,驕傲的；有自尊 2344. qualify v 使具有資格；
2326,prove,v,證明；證實
2345,quality,n,品質；特性 a R
2360,race,n,賽跑；比 v 比速
2346,quantity,n,數量；分量 度；參加競賽
2347,quarrel,n,爭吵；不和 v 2361. racial a 人種的；種族的
2362,radical,a,根本的；基本
2348,quarter,n,四分之一；季 的 n 根部；基礎
2363,radio,n,無線電；收音機
2349,quarterly,a,季度的 ad 一
2364,radioactive,a,放射性的
2350,question,n,問題；詢問 2365. radius n 半徑；半徑距
2351,questionable,a,可疑的； 2366. railroad n 鐵路
2367,raise,v,舉起；抬起 n 加
2352,queue,n,行列；長隊 v
2368,random,a,胡亂的；隨便
2353,quick,a,快速的；迅速的
2354,quickly,ad,快速地 2369. randomly ad 任意地；隨
2355,quiet,a,寧靜的；安定的
2370,range,n,排，行；一系列
2371,rank,n,等級；地位
2356,quit,v,解除；退出 2372. rapid a 快的；迅速的
2357,quite,ad,完全；徹底 2373. rapidly ad 很快地；立即
2358,quotation,n,引用；引證 2374. rare a 稀有的；罕見的
2359,quote,v,引用；引述 n 2375. rarely ad 很少；難得
2376,rate,v,比例；率
2377,rather,ad,相當；頗
2378,rational,a,理性的；有理 2396. recent a 新近的；最近
2379,reac,v,抵達；達到 n 可 2397. recently ad 最近
2398,reception,n,接待；歡迎
2380,read,v,閱讀；攻讀 n 讀 2399. receptionist n 接待員
2400,recharge,v,再充電於；
2381,reader,n,讀者 再裝填彈藥於
2382,readership,n,讀者們 2401. recipient n 接受者；受
2383,readiness,n,準備就緒 領者 a 接受的；受領的
2384,ready,a,準備好的；願意 2402. reclaim v 使改過；使悔
2385,realization,n,領悟；認 2403. recognition n 認出；識
2386,realize,v,領悟；實現 2404. recognizable a 可辨認
2387,reason,n,理由
2388,reasonable,a,合理的； 2405. recognize v 認出；識別
2406,recommend,v,推薦
2389,rebel,n,反抗者 a 反叛的 2407. recommendation n 推
2390,rebellion,n,反叛；造反；
2408,reconsider,v,重新考慮
2391,rebound,v,彈回；跳回 2409. record v 記載；記錄
2392,rebuild,v,重建；改建 2410. recover v 復原；恢復
2393,recall,v,回想；回憶 2411. recovery n 復原 恢復
2394,receipt,n,收據 2412. recruit v 徵募；僱用
2395,receive,v,收到；接到 2413. recruitment n 徵募；僱
2414,rectangle,n,矩形；長方 2431. regularly ad 定期地；有
2415,rectify,v,矯正；改正 2432. regulate v 管理；控制；
2416,reduce,v,減少；縮小
2417,refer,v,提到; 談論 2433. regulation n 規章；規則
2418,reference,n,提及；參考
2434,rehearsal,n,排練；試演
2419,reflect,v,反射；照出 2435. rehearse v 排練；排演
2420,reflection,n,倒影；反省 2436. reimburse v 償還；歸還
2421,refund,n,退還；償還 2437. reimbursement n 償還；
2422,refurbish,v,再磨光；刷
2438,reinforce,v,增援；加強
2423,refusal,n,拒絕 2439. reinforcement n 增援；
2424,refuse,v,拒絕
2440,reiterate,v,重做；重申
2425,regard,n,注重；問候 v
2441,reject,v,拒絕
2426,regarding,prep,關於； 2442. rejection n 拒絕；反對
2443,relate,v,使有聯繫；有關；
2427,regardless,ad,不顧一切
2444,relation,n,關係；關聯
2445,relationship,n,人際關
2428,region,n,地區；地帶 係；戀愛關係
2429,registering,a,登記的； 2446. release v 釋放；發行 n
2430,regular,a,規則的；有規 2447. relevant a 有關的；切題
2448,reliable,a,可信賴的；可 2465. renovation n 更新；修
2449,relief,n,緩和；減輕 2466. renowned a 有名的；有
2450,relocate,v,重新安置
2451,rely,v,倚靠；依靠 2467. rent n 租金；租費 v 出
2452,remain,v,剩下；餘留
2468,rental,a,租賃的 n 租金；
2453,remake,v,再製；改造 出租
2454,remark,v,談到；評論 n 2469. repair v 修理；修補 n
2455,remarkable,a,非凡的； 2470. repeat v 重複；重做 n
2456,remember,v,記得；記 2471. repetition n 反覆背誦
2472,repetitive,a,重複的
2457,remind,v,提醒
2473,replace,v,放置；替代
2458,remote,a,遙遠的；偏僻
2474,replacement,n,取代；
2459,remotely,a,遙遠地；間
2475,replay,v,重演；重播 n
2460,removal,n,移動；調動；
2476,reply,v,回答；答覆
2461,remove,v,移動；調動 2477. report v 報導；記述；告
2462,render,v,使得；提出
2478,represent,v,描繪；代表
2463,renew,v,使更新；使復
2479,representative,a,代表
2464,renewal,n,更新；復原 代表
2480,reputation,n,名譽；名聲 2496. resignation n 辭職；放
2481,request,v,要求；請求 n
2497,resist,v,抵抗；反抗
2482,require,v,需要；要求 2498. resistance n 抵抗；反
2483,requirement,n,需要；必
2499,resolute,a,堅決的；堅定
2484,reschedule,v,改期；重
2500,resolve,v,解決；決心 n
2485,research,v,研究；調查
2501,resource,n,資源；物力
2486,resemblance,n,相似； 2502. respect n 敬重，尊敬
2503,respond,n,回答；答覆
2487,resemble,v,像；類似 2504. response n 回答；答覆
2488,reservation,n,預定；保 2505. responsible a 需負責任
2489,reserve,v,儲備；保存 2506. responsive a 回答的；
2490,residence,n,住所；住宅 應答的
2491,resident,n,居民 a 居住 2507. restriction n 限制；約束
2508,resume,v,恢復；重返 n
2492,residential,a,居住的； 梗概；履歷
2509,retail,n,零售 v 零售 a
2493,residual,a,殘留的；剩餘 零售的
2510,retailer,n,零售商；零售
2494,residue,n,殘餘；剩餘 店
2495,resign,v,放棄；辭去 2511. retai v 保留；保持
2512,retainable,a,能保持的； 2529. rival n 競爭者；對手 v
2513,retainer,n,保留者；家臣 2530. rivalry n 競爭；對抗
2514,retire,v,使退卻；使退休 2531. robust v 強健的；茁壯
2515,retirement,n,退休；退職
2516,retrieve,v,重新得到；收 2532. route n 路線；路程
2533,routine,n,例行公事 a 例
2517,return,v,返回；歸
2518,reveal,v,展現，顯露出 2534. royal a 皇家的；盛大的
2535,royalty,n,皇族；王位；
2519,revenue,n,收入；稅收
2520,reverse,a,相反的；反向 2536. rule n 規則；規定 v 統
2521,review,v,批評，評論； 2537. run v 跑；競選 n 跑；路
2522,revise,v,修訂；校訂 2538. rush v 衝，奔；催促 n
2523,revision,n,修訂；校訂
2524,revive,v,甦醒；復甦
2525,revolve,v,旋轉；自轉
2526,reward,n,報答；報償 v 2539. s v a 犧 cr 牲 ific ； e 獻 n 出 牲禮，祭品
2527,rigorous,a,嚴格的；嚴 2540. s 過 adden v 使悲傷；使難
2528,rise,v,上升；升起 n 上 2541. sadly ad 悲哀地；傷心地
2542,sadness,n,悲哀；悲傷
2543,safe,n,平安的；無損的
2544,safeguard,v,保護；防衛 2560. scope n 顯微鏡；望遠鏡
2561,scratch,v,抓；搔劃出 n
2545,safety,n,安全；平安 刮痕；抓痕 a 湊合的
2546,salary,n,薪資；薪水 2562. screen n 螢幕；掩蔽物
2547,sale,n,賣；出售；拍賣 2563. scrutinize v 詳細檢查；
2548,salvage,n,搶救；挽救 v
2564,seam,n,縫；縫合處 v
2549,sample,n,樣品，樣本 v
2565,seamlessly,ad,無縫地
2550,sanitary,n,公共廁所 a 2566. search v 搜查；探究 n
2551,satisfaction,n,滿意；滿 2567. season n 季節
2568,secret,n,秘密
2552,satisfy,v,使滿意；使高 2569. section n 部分；區域
2570,secure,a,安全的，無危
2553,savvy,v,懂；知曉 險的 v 使安全；掩護
2554,scale,n,大小；規模 v 攀 2571. security n 安全感；防備；
2555,scan,v,細看；審視 n 掃 2572. seek v 尋找；探索
2573,segment,n,部分；部門
2556,scanner,n,掃描機 v 分割；切割
2557,scene,n,布景；景色；背 2574. seldom ad 不常；很少 a
2558,scenery,n,景色；風景 2575. select v 選擇；挑選 a
2559,schedule,n,時間表 v 安 上等的；優等的
2576,selection,n,選擇；選拔
2577,selective,a,有選擇性的 2594. set v 放；置；開始 a 固
2578,self,n,自身；自己 定的；不變的 n 一套；
2579,self-employed,a,自由業
2595,setback,n,挫折；失敗
2580,semester,n,半學年；一 2596. setup n 組織；機構
2597,several,a,幾個的；數個
2581,seminar,n,專題討論會
2582,senior,a,年長的；前輩 2598. severe a 嚴重的；劇烈
2583,sense,n,感官；官能；見 2599. severely ad 嚴重地；劇
2584,sensible,a,明智的；合 2600. shape n 形狀；樣子 v
2585,sensitive,a,敏感的；靈 2601. share v 分享
2602,shareholder,n,股東
2586,separate,v,分隔；分割 2603. sharp a 尖銳的；苛刻的
2587,separation,n,分開；分 ad 幾點整
2604,shelf,n,架子
2588,sequence,n,連續；接續 2605. ship n 船；艦 v 運送；
2589,series,n,連續；系列
2590,serious,a,嚴重的；危急 2606. shipment n 運輸；運送
2607,shipping,n,運輸；運輸
2591,serve,v,服務
2592,service,n,服務；效勞 v 2608. shortage n 缺少；不足
2609,should,aux,可能；該
2593,session,n,會議；集會 2610. shredder n 碎紙機
2611,sight,n,視覺；景象；觀 2628. skim v 撇去；瀏覽；略
2612,sign,n,徵象；前兆 v 簽 2629. slash v 減低；砍傷；抨
2613,significance,n,重要性； 2630. slice n 薄片；切片 v 切
2614,significant,a,有意義的； 2631. slip v 滑動；滑跤 n 失
2615,signify,v,表示；預示 2632. slippery a 滑的；油滑的
2616,similar,a,相像的；相仿 2633. slogan n 口號；標語
2617,simulate,v,假裝；冒充 2634. slope n 傾斜；坡度 v 傾
2618,simulation,n,偽裝；模仿
2619,sincere,a,衷心的；真誠 2635. sloppy a 稀薄的；邋遢
2620,sincerely,ad,真誠地；誠 2636. slot n 投幣口；自動販賣
2621,sinful,a,罪孽深重的；有 2637. slump v 倒下；陷落 n
2622,sink,v,下沉；下陷 n 水 2638. smoothl ad 平滑地；流
2623,site,n,地點；場所 2639. soar v 往上飛舞，升 n
2624,situation,n,狀況；處境
2640,society,n,社會；交際
2625,size,n,尺寸
2641,software,n,軟體
2626,skill,n,技巧；技術
2642,solace,n,安慰；慰藉 v
2627,skillful,a,有技巧的 安慰
2643,sola,a,太陽的；日光的
2644,solely,ad,單獨地；唯一 2661. splendid a 壯麗的；輝
2645,solicit,v,請求；懇求 2662. sponsor n 贊助商
2646,solve,v,解決；解答 2663. sponsorship n 資助；支
2647,sophisticated,a,世故
2664,spot,n,斑點；場所 a 立
2648,sort,v,挑選；區分 n 種 即 v 玷汙；汙辱
2665,spray,n,噴霧；浪花 v
2649,sound,n,聲音；響聲 v
2666,spread,v,伸展；傳播 n
2650,source,n,根源；來源 v
2667,spring,n,春天；活力 v
2651,space,n,空間；宇宙
2652,span,n,礅距；跨度 v 橫 2668. sprinkle v 灑；噴；淋 n
2653,special,a,特別的 2669. spy n 間諜；密探 v 監
2654,specialize,v,專精於
2670,square,n,正方形；廣場
2655,specialty,n,專業；專長 a 正直的公正的
2656,specification,n,載明； 2671. stability n 穩定；穩定性
2672,stable,n,馬；馬棚；畜舍
2657,specify,v,具體指定；詳
2673,stack,n,一堆，一疊；乾
2658,speech,n,演說；言論
2674,staff,n,職員；工作人員
2659,speed,n,快速；迅速 v
2675,stage,n,舞臺；階段 v
2660,spend,v,花費；浪費
2676,stake,n,危險；股本 v 資 2691. steam n 蒸汽；水蒸汽
2677,stance,n,立場；態度 2692. stem v 起源於；攔住；
2678,stand,v,站立；站著 n 阻擋 n 莖，樹幹
2693,stick,n,枝條；棒狀物 v
2679,standard,n,標準；水準
2694,stock,n,進貨；庫存品；
2680,standpoint,n,立場；觀 股票 v 庫存；貯存 a 庫
2681,staple,n,主要產品 a 主 2695. storage n 貯藏；保管
2696,store,n,店舖；貯存 v 貯
2682,state,n,狀況，形態；國
2697,storm,n,暴風雨；爆發；
2683,statement,n,陳述；說明
2684,station,n,車站；駐地； 2698. stormy a 暴風雨的；暴
2685,stationary,a,固定的；停
2699,storyline,n,故事；情節
2686,stationery,n,文具；信 2700. stout a 頑強的；牢固的；
2687,statistics,n,統計；統計
2701,straight,a,筆直的；正直
2688,status,n,地位；身分
2702,straightforward,a,徑直
2689,steadfast,a,堅定的；不 的；簡單的 ad 坦率地；
2690,steady,a,穩固的；平穩 2703. strategy n 策略；計謀
2704,stream,n,小河；溪流 v 2719. subscribe v 訂閱；同意
2720,subscription,n,訂閱；同
2705,streamline,a,流線型的 意
2706,strength,n,力氣；實力 2721. subside v 消退；平息；
2707,strengthen,v,增強；鞏 2722. subsidiary a 輔助的；附
2708,stress,n,壓力；緊張；著 2723. subsidize v 補助；資助
2724,subsidy,n,津貼；補貼
2709,stretch,n,伸直；展開， 2725. substantial a 真實的；
2726,substantiate,v,證實；證
2710,strike,v,打擊；攻擊 n 罷 明
2727,substitute,n,代替人；代
2711,strive,v,力爭；苦幹 替物 v 代替 a 代替的
2712,structure,n,結構 v 構造 2728. subtract v 減去；去掉
2713,study,n,學習；研究 v 學 2729. subway n 地下鐵
2730,succeed,v,成功；繼任
2714,style,n,風格；作風
2731,success,n,成功；成就
2715,subject,n,主題；題目 v
2732,sufficient,a,足夠的；充
2716,subjectively,ad,主觀地
2733,suggest,v,建議
2717,submit,v,屈從；忍受；
2734,suggestion,n,建議
2718,subordinate,a,次要的； 2735. suit n 西裝；套；副 v
2736,suitable,a,適當的；合適 2751. supportive a 支援的；
2737,suitcase,n,小型旅行箱； 2752. suppose v 猜想；以為
2753,surely,ad,確實；無疑
2738,suite,n,套房；隨從 2754. surface n 面；表面 a 表
2739,sum,n,總數；總和 v 總 面的；外觀的 v 顯露；
2740,summarize,v,作總結； 2755. surmise v 推測；猜測 n
2741,superb,a,堂皇的；宏偉 2756. surplus n 剩餘物；順差
2742,superior,a,較高的；上 2757. surprise v 驚喜；驚訝 n
2743,supervise,v,監督；管理 2758. survey n 問卷 v 調查；
2744,supervisor,n,管理人；
2759,survive,v,生存；生還
2745,supervisory,a,管理 2760. susceptible a 易被感動
2746,supplement,n,增補，補 2761. suspect v 懷疑；不信任
2762,suspend,v,懸掛；使飄
2747,supplementary,a,增補 浮
2763,sustain,v,支撐；承受
2748,supplier,n,供應者 2764. sweater n 毛線衣
2749,supply,n,供給；供應 v 2765. swift a 快速的；快捷的
2766,switch,n,開關；轉換 v
2750,support,v,支持；擁護 n 改變；轉移
2767,sympathetic,a,同情的 2783. talkative a 多嘴的；健
2768,sympathize,v,同情；憐
2784,tangible,a,明確的；確鑿
2769,sympathy,n,同情；同情
2785,tank,n,貯水池；坦克
2770,symposium,n,討論會； 2786. tap n 閥門；塞子 v 接通；
2771,synthesis,n,綜合體；綜 2787. tape n 膠布；錄音帶 v
2772,system,n,制度；體制 2788. target n 靶子；目標 v
2773,systematically,ad,有系
2789,task,n,任務；工作
2790,taste,n,味覺；味道 v 吃
2791,tax,n,稅金 v 課稅
2774,tackle,v,著手；交涉
2792,tear,v,撕開；撕裂 n 眼
2775,tactful,a,機智的；圓滑的 淚；淚珠
2776,tactic,n,戰術；策略 2793. tease v 戲弄；逗弄 n
2777,tag,n,牌子；標籤 v 添加； 戲弄；逗弄
2794,technicality,n,專門性；
2778,tailor,n,裁縫師 學術性
2779,take,v,拿；取；獲得 2795. technician n 技術人員；
2780,takeout,n,外賣；外賣的
2781,takeover,n,接管 2796. t 技 ec 法 hnique n 技巧；技術；
2797,technological,a,技術
2798,technology,n,技術；科 2814. thorough a 徹底的；完
2799,temper,n,情緒；性情； 2815. thoroughness n 徹底；
2800,temporary,a,臨時的；暫 2816. though conj 雖然；儘管
2801,tenant,n,房客；承租人 2817. thought n 思維；思考
2802,tender,a,嫩的；柔軟的 2818. thread n 線狀物；頭緒
2803,tense,a,緊張的；拉緊的 v 通過；穿過
2819,threat,n,威脅；恐嚇
2804,tension,n,拉緊；繃緊 v 2820. thrive v 興旺；繁榮
2821,throughout,prep,遍及；
2805,tentative,a,試驗性的； 遍布 ad 處處；始終
2822,thus,ad,如此；這樣
2806,tenure,n,佔有；佔有權 2823. ticket n 票；券
2807,term,n,期；期限；任期 2824. tie v 束縛；約束；平手
2808,terminal,a,末端的；終點 2825. tight a 牢固的；緊身的
2809,terminology,n,術語，專 2826. time n 時間；時光 v 測
2810,terrible,a,可怕的；嚇人 2827. timeliness n 及時；適時
2828,titl,n,標題；題目 v 加標
2811,territory,n,領土；版圖； 題於
2829,token,n,標記；標誌；象
2812,testify,v,作證；證實 徵 a 象徵性的
2813,testimonial,n,證明書； 2830. toll n 使用費；通行費
2831,tool,n,工具；器具 2848. travel v 旅遊；移動
2832,top,n,頂部；山頂；最高 2849. traveler n 旅行者；旅客
2850,treasure,n,金銀財寶；
2833,topic,n,主題；要旨 2851. treat v 對待；處理 n 請
2834,total,a,總計的；總括的 客
2852,treatment,n,對待；治療
2835,tour,n,旅遊；遊覽 v 旅 2853. treaty n 條約；協定
2854,tremendous,a,巨大的；
2836,tow,v,拖；拉；牽引 n 拖； 極大的
2855,trial,n,試驗；審問 a 試
2837,town,n,鎮；市鎮 驗的；審訊的
2838,track,n,行蹤；軌道 v 跟 2856. triangle n 三角形
2857,tribal,a,部落的；種族的
2839,trade,n,貿易；交易 v 交
2858,tribe,n,部落；種族
2840,tradition,n,傳統 習俗 2859. trivial a 瑣細的；不重要
2841,traditional,a,傳統的
2860,truly,ad,真誠地；忠實地
2842,traffic,n,交通
2861,trust,n,信任；信賴 v 信
2843,trail,v,拖；曳；跟蹤 n 任；信賴
2862,trustee,n,受託管理人
2844,transact,v,處置；執行
2863,turnover,n,翻倒；翻轉
2845,transaction,n,交易；執
2864,twice,ad,兩次；兩回；兩
2846,transfer,v,轉換；調動
2865,two-sided,a,兩邊的；兩
2847,trash,n,廢物；垃圾 面的
2866,type,n,類型；型式 v 作 2880. unbiased a 無偏見的
2881,uncertain,a,不確定的
2867,typical,a,典型的；有代 2882. uncertainty n 不確定性
2883,unconventional,a,非傳
2868,typo,n,筆誤 統的
2884,underestimate,v,低估
2885,underground,a,地下的；
2869,ultimate,a,最後的；最終 不公開的
2886,underline,v,強調；使突
2870,ultimately,ad,終極地 出
2871,ultra,a,偏激的；過分的 2887. understand v 了解；理
2872,unable,a,不能的；不會
2888,understatement,n,不充
2873,unacceptable,a,無法接
2889,underway,a,在進行中的
2874,unaccountable,a,無法 2890. unfair a 不公平的
2891,unforeseen,ad,預料之外
2875,unaccustomed,a,不習 的
2892,unfortunately,ad,不幸地
2876,unauthorized,a,未被授 2893. unidentified a 未辨別出
2877,unaware,a,未察覺到的 2894. uniform n 制服 a 相同
2878,unbalance,v,使失去平 2895. unify v 統一；聯合
2896,unimaginable,a,難以想
2879,unbeatable,a,打不垮的 像的；想不到的
2897,union,n,結合；合併 2914. upwards ad 向上地；朝
2898,unique,a,獨特的
2899,uniquely,ad,獨特地 2915. urban a 城市的
2900,uniqueness,n,獨特 2916. urbanize v 使都市化
2901,unit,n,單位；單元 2917. urgent a 急促的；急的
2902,unite,v,使聯合；統一 2918. use v 使用
2903,university,n,大學 2919. useful a 有用的；有價值
2904,unless,prep,除……外
2920,useless,a,無用的；無價
2905,unlimited,a,無限制的；
2921,usual,a,通常的；平常的
2906,unlock,v,開啟；揭開 2922. usually ad 通常地；慣常
2907,unnecessary,a,不必要
2923,utilization,n,利用
2908,unsanitary,a,不衛生的； 2924. utilize v 利用
2909,unsatisfactory,a,不滿意 V
2925,vacancy,n,空白；空缺
2910,upcoming,a,即將來臨的
2926,vacant,a,空的；空著的
2911,update,v,使現代化；更
2927,vacation,n,假期；休假
2912,upgrade,v,提高；提升 2928. vaccinate v 注射疫苗
2929,vaccination,n,疫苗接種
2913,upon,prep,在…之上； 2930. vain a 愛虛榮的；自負
2931,valid,a,有根據的；確鑿 2949. venture n 冒險事業；投
2932,validat,v,使有效；使生 2950. verify v 證明；證實
2951,versatile,a,多才多藝的；
2933,valuable,a,有價值的 多功能的
2934,value,n,價值 2952. version n 版本；說法
2935,van,n,廂型車；小貨車 2953. vessel n 船；艦；血管
2936,vandalize,v,任意破壞 2954. via prep 透過；憑藉
2937,variable,a,易變的；多變 2955. viable a 有望成功的；切
2938,variation,n,變動；差異 2956. vice v 緊緊夾住 (=vise)
2939,variety,n,多樣化；變化 2957. vice versa ad 反之亦然
2940,various,a,不同的；各種 2958. victim n 受害者；犧牲者
2959,viewpoint,n,觀點；視角
2941,vary,v,使不同；變更 2960. violation n 違反；違背
2942,vas,a,廣闊的；浩瀚的 2961. virtual a 虛擬的
2943,vegetable,n,蔬菜 2962. visibility n 能見度；明顯
2944,vegetarian,n,素食主義 性
2963,visible,a,可看見的；清
2945,vehicle,a,運載工具；手 晰的
2964,visit,v,參觀；訪視
2946,veil,n,面紗；面罩 v 掩 2965. visitor n 參觀者；訪視者
2966,visual,a,可被看見的；視
2947,vend,v,出售；販賣 覺的
2948,vendor,n,小販；攤販
2967,vita,a,生命的；充滿活力 2985. warm a 溫暖的；暖和的
2968,vivid,a,生動的；活潑的 2986. warn v 警告；告誡
2969,vocabulary,n,單字；字 2987. warning n 警告；告誡
2988,warranty,n,保證；擔保
2970,voice,n,聲音 2989. waste v 浪費；濫用 n
2971,volatile,a,易揮發的；易 浪費；荒原
2990,watch,n,看守，監視；手
2972,volunteer,n,志願者，義 錶 v 觀看；注視
2991,wave,n,海浪；浪潮 v 揮
2973,voucher,n,票券；證人 手；飄揚
2974,voyage,n,航海；航行 v 2992. waver v 搖擺；搖晃動搖
2993,weak,a,弱的；虛弱的
2994,weakness,n,虛弱；弱點
2995,wealth,n,財產；資源
2975,wage,v,進行；從事 2996. weight n 重量；體重
2976,wagon,n,運貨馬車 2997. whereas conj 然而；反
2977,waist,n,腰；腰部 之
2978,wait,v,等；等待 n 等待 2998. whether conj 是否；不
2979,waiter,n,服務生
2999,whole,a,整體的；全部的
2980,waitress,n,女服務生
3000,widespread,a,普遍的；
2981,waive,v,放棄；撤回 廣泛的
2982,wallet,n,皮夾 3001. width n 寬度；闊度
2983,wallpaper,n,壁紙 3002. will aux 將；將要 n 意志；
2984,warehouse,n,倉庫 庫房 心願；目的
3003,willingness,n,自願；樂 3017. worldwide a 世界範圍
3004,wire,n,電纜；電線 v 發 3018. worry v 擔心；擔憂
3019,would,aux,將；要
3005,withdraw,v,抽回；拉開； 3020. wrist n 腕；腕關節
3006,withdrawal,n,收回；撤
3007,within,prep,在……範圍 3021. X-ray n X光檢查 v 用X
3008,withstand,v,抵擋；反抗
3009,witness,n,目擊者；見證
3022,yacht,n,快艇；遊艇
3010,woeful,a,悲哀的，悲傷 3023. yard n 庭院；後院
3024,yawn,n,呵欠 v 打呵欠
3011,wonder,v,納悶；想知道 3025. year-end n 年終 a 年終
3012,wo,v,向……求愛；招致； 3026. yearly a 每年的；一年一
3013,work,v,工作；勞動 n 成 3027. yearn v 思念；渴望
3028,yearningly,ad,思念地；
3014,workaholic,n,工作狂； 渴望地
3029,yield,v,出產；產生 n 產
3015,workshop,n,工作坊 量；收穫量
3016,world,n,世界；地球 3030. youngster n 小孩；年輕
3031,youth,n,青少年時期；青
3032,youthful,a,年輕的；青年
3033,zip,v,給以速度（或力
3034,zone,n,地帶；地區
3035,zoom,v,發出嗡嗡聲；使
3036,zoom-in,v,用變焦距鏡頭
3037,oom-out,v,用變焦距鏡
